idx,x,y,z,nx,ny,nz,seg_len,cumulative_len
0,0.170772,0.322534,0.641689,0.402345,-0.910547,-0.094988,0.000000,0.000000
1,0.171437,0.322297,0.645907,0.239338,-0.965696,-0.100742,0.004277,0.004277
2,0.170772,0.322534,0.641689,0.402345,-0.910547,-0.094988,0.004277,0.008554
3,0.170582,0.322417,0.636139,0.402186,-0.910186,0.099040,0.005554,0.014108
4,0.170403,0.322493,0.633150,0.402186,-0.910186,0.099040,0.002996,0.017103
5,0.170059,0.322708,0.628974,0.263805,-0.955217,-0.134044,0.004195,0.021298
6,0.169759,0.323013,0.624826,0.263805,-0.955217,-0.134044,0.004170,0.025469
7,0.169440,0.323409,0.620757,0.264992,-0.942849,-0.202030,0.004101,0.029570
8,0.169127,0.324038,0.616681,0.264992,-0.942849,-0.202030,0.004136,0.033705
9,0.168789,0.324784,0.612604,0.227904,-0.950229,-0.212426,0.004159,0.037864
10,0.168484,0.325561,0.608697,0.227904,-0.950229,-0.212426,0.003995,0.041859
11,0.168093,0.326401,0.604529,0.140795,-0.974265,-0.176025,0.004270,0.046129
12,0.167214,0.327099,0.600481,0.086582,-0.969632,-0.228732,0.004200,0.050330
13,0.165994,0.327613,0.596603,0.086582,-0.969632,-0.228732,0.004097,0.054427
14,0.164400,0.327941,0.592901,0.155517,-0.979323,-0.129385,0.004044,0.058471
15,0.162359,0.328035,0.589453,0.185050,-0.968730,-0.165281,0.004008,0.062479
16,0.159902,0.327980,0.586161,0.219962,-0.973173,-0.067465,0.004108,0.066587
17,0.157064,0.327820,0.582944,0.219962,-0.973173,-0.067465,0.004293,0.070880
18,0.153967,0.327542,0.580157,0.227808,-0.965326,-0.127475,0.004176,0.075056
19,0.150968,0.327318,0.577436,0.227808,-0.965326,-0.127475,0.004055,0.079111
20,0.147853,0.327165,0.574721,0.172065,-0.967729,-0.184103,0.004135,0.083246
21,0.144813,0.327132,0.572030,0.114605,-0.977448,-0.177371,0.004061,0.087307
22,0.141844,0.327210,0.569377,0.114605,-0.977448,-0.177371,0.003982,0.091288
23,0.139188,0.327275,0.567371,0.114605,-0.977448,-0.177371,0.003330,0.094618
24,0.136911,0.327204,0.566293,0.070090,-0.959846,-0.271630,0.002520,0.097138
25,0.135091,0.326960,0.566183,0.070090,-0.959846,-0.271630,0.001839,0.098978
26,0.133732,0.326526,0.567071,0.070090,-0.959846,-0.271630,0.001680,0.100658
27,0.132927,0.325902,0.568870,0.070090,-0.959846,-0.271630,0.002068,0.102726
28,0.132547,0.325131,0.571600,0.169269,-0.969733,-0.175971,0.002862,0.105588
29,0.132621,0.324318,0.575210,0.161683,-0.926277,-0.340396,0.003701,0.109289
30,0.132868,0.323564,0.579204,0.267482,-0.933567,-0.238549,0.004072,0.113361
31,0.133172,0.322941,0.583212,0.272744,-0.951934,-0.139399,0.004068,0.117429
32,0.133474,0.322406,0.587295,0.121270,-0.992461,0.017751,0.004129,0.121557
33,0.133840,0.321897,0.591356,0.121097,-0.991048,-0.056204,0.004109,0.125666
34,0.134246,0.321410,0.595453,0.171229,-0.985230,0.001656,0.004146,0.129812
35,0.134625,0.320845,0.599603,0.178847,-0.964831,-0.192650,0.004206,0.134018
36,0.134978,0.320166,0.603744,0.258889,-0.924775,-0.278870,0.004211,0.138229
37,0.135276,0.319359,0.607906,0.255857,-0.910254,-0.325537,0.004250,0.142479
38,0.135582,0.318542,0.612148,0.101013,-0.979199,-0.175971,0.004330,0.146809
39,0.135879,0.317794,0.616359,0.099774,-0.967187,-0.233655,0.004287,0.151097
40,0.136133,0.317239,0.620632,-0.021392,-0.993011,-0.116064,0.004317,0.155413
41,0.136348,0.316923,0.625066,-0.022694,-0.999741,0.001411,0.004450,0.159863
42,0.136581,0.316952,0.629448,-0.022694,-0.999741,0.001411,0.004389,0.164252
43,0.136816,0.317276,0.633829,-0.057054,-0.996104,0.067238,0.004399,0.168651
44,0.137113,0.317949,0.638079,-0.054523,-0.951909,0.301492,0.004313,0.172964
45,0.137449,0.318865,0.642259,-0.054523,-0.951909,0.301492,0.004292,0.177256
46,0.137752,0.319880,0.646421,-0.022883,-0.920471,0.390140,0.004295,0.181552
47,0.138074,0.320932,0.650460,-0.022883,-0.920471,0.390140,0.004186,0.185738
48,0.138391,0.321903,0.653789,-0.049690,-0.932705,0.357200,0.003482,0.189220
49,0.138460,0.322731,0.656567,-0.229648,-0.959916,0.160698,0.002900,0.192119
50,0.137981,0.323498,0.658788,-0.229648,-0.959916,0.160698,0.002398,0.194517
51,0.136961,0.324167,0.660496,-0.229648,-0.959916,0.160698,0.002099,0.196616
52,0.135239,0.324691,0.661602,-0.229648,-0.959916,0.160698,0.002112,0.198728
53,0.132992,0.325173,0.662118,-0.229648,-0.959916,0.160698,0.002356,0.201084
54,0.128322,0.325839,0.663273,-0.103284,-0.937821,0.331398,0.004857,0.205941
55,0.123611,0.326506,0.664428,-0.103284,-0.937821,0.331398,0.004896,0.210837
56,0.119098,0.327146,0.665584,-0.031747,-0.953493,0.299739,0.004702,0.215539
57,0.115081,0.327667,0.666739,-0.031747,-0.953493,0.299739,0.004213,0.219752
58,0.111533,0.328069,0.667894,0.016612,-0.989113,0.146219,0.003752,0.223504
59,0.108571,0.328395,0.669049,0.016612,-0.989113,0.146219,0.003196,0.226700
60,0.106086,0.328662,0.670204,0.016612,-0.989113,0.146219,0.002753,0.229454
61,0.105942,0.328660,0.670204,0.016612,-0.989113,0.146219,0.000144,0.229598
62,0.105759,0.328583,0.669702,0.016612,-0.989113,0.146219,0.000540,0.230138
63,0.105561,0.328365,0.668407,0.016612,-0.989113,0.146219,0.001328,0.231467
64,0.105321,0.327963,0.666569,0.016612,-0.989113,0.146219,0.001896,0.233362
65,0.105059,0.327349,0.664144,0.016612,-0.989113,0.146219,0.002516,0.235878
66,0.104798,0.326517,0.661206,-0.004172,-0.946517,0.322628,0.003065,0.238943
67,0.104538,0.325465,0.657744,-0.004172,-0.946517,0.322628,0.003627,0.242570
68,0.104279,0.324216,0.653776,0.003521,-0.920447,0.390852,0.004168,0.246738
69,0.104016,0.322836,0.649787,0.003521,-0.920447,0.390852,0.004229,0.250968
70,0.103727,0.321416,0.646021,-0.002333,-0.900620,0.434601,0.004035,0.255003
71,0.103454,0.320027,0.642220,-0.007779,-0.930639,0.365855,0.004056,0.259058
72,0.103192,0.318725,0.638382,-0.007779,-0.930639,0.365855,0.004061,0.263120
73,0.102943,0.317542,0.634457,-0.008014,-0.958715,0.284256,0.004107,0.267227
74,0.102767,0.316457,0.630439,0.024782,-0.966932,0.253828,0.004166,0.271393
75,0.102630,0.315514,0.626090,0.025221,-0.984080,0.175927,0.004452,0.275844
76,0.102389,0.314789,0.621747,0.040045,-0.986059,0.161507,0.004410,0.280254
77,0.102100,0.314349,0.617259,0.119334,-0.984840,0.125894,0.004518,0.284773
78,0.101803,0.314155,0.612766,0.168723,-0.975901,-0.138385,0.004508,0.289280
79,0.101504,0.314147,0.608364,0.041976,-0.998525,-0.034429,0.004412,0.293692
80,0.101277,0.314306,0.603873,-0.012243,-0.985986,-0.166376,0.004500,0.298192
81,0.100955,0.314729,0.599394,-0.002220,-0.987657,-0.156615,0.004510,0.302702
82,0.100610,0.315378,0.595152,-0.002243,-0.997788,-0.066436,0.004305,0.307007
83,0.100320,0.316166,0.590890,0.135164,-0.970028,-0.201933,0.004344,0.311352
84,0.100047,0.317022,0.586792,0.133497,-0.958061,-0.253570,0.004195,0.315547
85,0.099736,0.317940,0.582713,0.241958,-0.902963,-0.355125,0.004193,0.319740
86,0.099410,0.318944,0.578600,0.179688,-0.932257,-0.314021,0.004246,0.323986
87,0.098971,0.319956,0.574510,0.179688,-0.932257,-0.314021,0.004236,0.328222
88,0.098546,0.320857,0.570421,0.182569,-0.947204,-0.263579,0.004209,0.332431
89,0.098100,0.321618,0.566329,0.143044,-0.955555,-0.257785,0.004185,0.336616
90,0.097728,0.322266,0.562202,0.186253,-0.980607,-0.060992,0.004194,0.340811
91,0.097380,0.322819,0.558035,0.186253,-0.980607,-0.060992,0.004218,0.345028
92,0.096673,0.323202,0.554203,0.186218,-0.980423,-0.063982,0.003916,0.348944
93,0.095493,0.323416,0.550826,0.125175,-0.984106,-0.125965,0.003584,0.352528
94,0.093785,0.323592,0.548010,0.124936,-0.982230,-0.140057,0.003298,0.355826
95,0.091605,0.323774,0.545698,0.093261,-0.980787,-0.171344,0.003183,0.359009
96,0.088885,0.324038,0.543865,-0.035528,-0.984459,-0.171985,0.003290,0.362299
97,0.085613,0.324361,0.542529,-0.035528,-0.984459,-0.171985,0.003549,0.365848
98,0.081826,0.324722,0.541690,-0.236525,-0.956436,-0.171133,0.003896,0.369744
99,0.077876,0.325212,0.540950,-0.150426,-0.985125,-0.083072,0.004048,0.373792
100,0.074049,0.325716,0.540624,-0.103058,-0.982656,-0.154163,0.003875,0.377666
101,0.070991,0.326041,0.541041,-0.173556,-0.981341,-0.082753,0.003103,0.380769
102,0.068463,0.326197,0.542074,-0.173556,-0.981341,-0.082753,0.002736,0.383505
103,0.066539,0.326143,0.543803,-0.006858,-0.969176,-0.246273,0.002587,0.386092
104,0.065123,0.325854,0.546268,-0.203688,-0.948880,-0.241116,0.002858,0.388949
105,0.064298,0.325287,0.549384,-0.207267,-0.965553,-0.157315,0.003273,0.392223
106,0.064105,0.324457,0.553149,-0.207267,-0.965553,-0.157315,0.003860,0.396083
107,0.064363,0.323557,0.557214,-0.084414,-0.957128,-0.277091,0.004172,0.400254
108,0.064468,0.322707,0.561220,-0.084414,-0.957128,-0.277091,0.004096,0.404350
109,0.064591,0.321930,0.565316,-0.137546,-0.986587,-0.087908,0.004171,0.408522
110,0.064719,0.321192,0.569440,-0.213220,-0.966213,-0.144810,0.004191,0.412712
111,0.064939,0.320548,0.573508,-0.215269,-0.975497,-0.045439,0.004125,0.416837
112,0.065162,0.320026,0.577621,-0.261112,-0.961107,-0.089969,0.004152,0.420990
113,0.065381,0.319613,0.581819,-0.268655,-0.961712,-0.054166,0.004224,0.425214
114,0.065585,0.319234,0.586013,-0.268655,-0.961712,-0.054166,0.004215,0.429429
115,0.065793,0.318873,0.590223,-0.270563,-0.961440,-0.049290,0.004231,0.433660
116,0.066012,0.318499,0.594418,-0.211169,-0.976168,-0.050045,0.004217,0.437877
117,0.066232,0.318098,0.598606,-0.206298,-0.972671,-0.106545,0.004213,0.442090
118,0.066484,0.317666,0.602795,-0.206298,-0.972671,-0.106545,0.004219,0.446309
119,0.066741,0.317201,0.606977,-0.156244,-0.978362,-0.135630,0.004216,0.450525
120,0.067023,0.316782,0.611270,-0.156244,-0.978362,-0.135630,0.004322,0.454847
121,0.067316,0.316463,0.615569,-0.087148,-0.989115,-0.118558,0.004320,0.459168
122,0.067631,0.316376,0.619920,-0.087148,-0.989115,-0.118558,0.004363,0.463531
123,0.067945,0.316507,0.624235,-0.046670,-0.994795,0.090578,0.004329,0.467860
124,0.068289,0.316886,0.628520,-0.046670,-0.994795,0.090578,0.004316,0.472175
125,0.068609,0.317455,0.632787,-0.044898,-0.957036,0.286471,0.004316,0.476491
126,0.068921,0.318241,0.636990,-0.097761,-0.966598,0.236919,0.004287,0.480779
127,0.069195,0.319195,0.641030,-0.096310,-0.952245,0.289747,0.004160,0.484939
128,0.069456,0.320253,0.645095,0.009219,-0.981702,0.190202,0.004209,0.489148
129,0.069672,0.321284,0.649058,0.049572,-0.944406,0.325024,0.004100,0.493248
130,0.069875,0.322294,0.653112,0.063390,-0.947689,0.312837,0.004183,0.497431
131,0.070065,0.323253,0.657173,0.065275,-0.975856,0.208432,0.004177,0.501608
132,0.070193,0.324175,0.661241,0.100475,-0.965048,0.242046,0.004173,0.505781
133,0.070315,0.325066,0.665355,0.102090,-0.980565,0.167543,0.004212,0.509993
134,0.070449,0.325803,0.668997,0.086933,-0.979379,0.182374,0.003718,0.513711
135,0.069838,0.326476,0.673141,0.087675,-0.987736,0.129193,0.004243,0.517954
136,0.069224,0.327018,0.676764,0.141877,-0.972865,0.182771,0.003714,0.521668
137,0.068584,0.327436,0.679742,0.141877,-0.972865,0.182771,0.003074,0.524742
138,0.067900,0.327745,0.682148,0.124113,-0.977542,0.170314,0.002521,0.527263
139,0.066085,0.328118,0.685117,0.124113,-0.977542,0.170314,0.003499,0.530762
140,0.064251,0.328378,0.687506,0.119346,-0.977307,0.175010,0.003023,0.533785
141,0.062381,0.328618,0.689816,0.119346,-0.977307,0.175010,0.002983,0.536767
142,0.061225,0.328766,0.690997,0.109366,-0.965198,0.237554,0.001659,0.538426
143,0.060070,0.328909,0.692153,0.109366,-0.965198,0.237554,0.001640,0.540066
144,0.056605,0.329093,0.695092,0.014885,-0.945600,0.324991,0.004548,0.544614
145,0.053094,0.329277,0.698080,0.014885,-0.945600,0.324991,0.004614,0.549228
146,0.050054,0.329317,0.700866,0.014885,-0.945600,0.324991,0.004123,0.553352
147,0.046782,0.329358,0.704105,0.170592,-0.964543,0.201382,0.004604,0.557956
148,0.043395,0.329399,0.707571,0.186805,-0.967056,0.172937,0.004846,0.562802
149,0.040008,0.329439,0.711036,0.186805,-0.967056,0.172937,0.004846,0.567648
150,0.036766,0.329480,0.714216,0.225097,-0.967543,0.114855,0.004541,0.572188
151,0.036073,0.329480,0.715147,0.225097,-0.967543,0.114855,0.001161,0.573350
152,0.035571,0.329427,0.715394,0.225097,-0.967543,0.114855,0.000562,0.573911
153,0.035759,0.329262,0.714060,0.225097,-0.967543,0.114855,0.001357,0.575268
154,0.036164,0.328955,0.711655,0.225097,-0.967543,0.114855,0.002459,0.577727
155,0.036625,0.328517,0.708493,0.224025,-0.962936,0.150221,0.003225,0.580952
156,0.037084,0.327903,0.704658,0.186805,-0.967056,0.172937,0.003911,0.584863
157,0.037376,0.327123,0.700572,0.169434,-0.957996,0.231378,0.004170,0.589033
158,0.037419,0.326224,0.696456,0.205022,-0.958898,0.196167,0.004213,0.593246
159,0.037313,0.325265,0.692380,0.200058,-0.935680,0.290655,0.004189,0.597435
160,0.037184,0.324332,0.688387,0.220043,-0.936988,0.271357,0.004103,0.601538
161,0.037054,0.323480,0.684421,0.225209,-0.958987,0.172120,0.004058,0.605596
162,0.036948,0.322734,0.680441,0.209228,-0.959147,0.190422,0.004051,0.609647
163,0.036849,0.322173,0.676501,0.204937,-0.973028,0.105907,0.003980,0.613627
164,0.036732,0.321775,0.672498,0.179418,-0.979903,0.087171,0.004024,0.617652
165,0.036552,0.321478,0.668365,0.179803,-0.982008,-0.057720,0.004148,0.621800
166,0.036335,0.321305,0.664272,0.066413,-0.997766,0.007218,0.004102,0.625902
167,0.036155,0.321248,0.660084,0.066413,-0.997762,-0.007784,0.004192,0.630094
168,0.036003,0.321173,0.655767,0.158370,-0.986398,0.044032,0.004321,0.634415
169,0.035811,0.320926,0.651454,0.157892,-0.983421,-0.089180,0.004324,0.638739
170,0.035555,0.320544,0.647218,0.000000,-1.000000,-0.000000,0.004261,0.643000
171,0.035293,0.320023,0.643012,-0.152888,-0.931713,0.329448,0.004246,0.647246
172,0.035065,0.319540,0.638776,-0.129600,-0.923162,0.361905,0.004270,0.651516
173,0.034840,0.319103,0.634495,-0.041831,-0.969000,0.243493,0.004309,0.655825
174,0.034564,0.318825,0.630291,-0.041831,-0.969000,0.243493,0.004222,0.660047
175,0.034247,0.318814,0.626265,-0.042940,-0.994702,-0.093400,0.004038,0.664085
176,0.033985,0.319098,0.622113,-0.059632,-0.995263,-0.076785,0.004169,0.668255
177,0.033747,0.319571,0.617952,-0.056553,-0.943868,-0.325446,0.004196,0.672450
178,0.033529,0.320331,0.613833,-0.056553,-0.943868,-0.325446,0.004194,0.676644
179,0.033240,0.321230,0.609741,-0.076857,-0.987405,-0.138292,0.004199,0.680843
180,0.032991,0.322182,0.605649,-0.095995,-0.989972,-0.103639,0.004209,0.685052
181,0.032734,0.323039,0.601565,-0.093182,-0.960959,-0.260527,0.004181,0.689233
182,0.032615,0.323820,0.597391,0.017738,-0.976841,-0.213230,0.004248,0.693481
183,0.032492,0.324604,0.593275,-0.032532,-0.985798,-0.164753,0.004191,0.697673
184,0.032378,0.325415,0.589132,-0.031622,-0.958232,-0.284238,0.004223,0.701896
185,0.032082,0.326141,0.584771,-0.166358,-0.973862,-0.154656,0.004431,0.706327
186,0.031874,0.326720,0.580415,-0.166710,-0.975925,-0.140633,0.004399,0.710726
187,0.031625,0.327213,0.576109,-0.166710,-0.975925,-0.140633,0.004342,0.715068
188,0.031374,0.327648,0.571753,-0.032898,-0.999014,-0.029805,0.004385,0.719453
189,0.030975,0.327986,0.567764,-0.046143,-0.998798,-0.016547,0.004023,0.723476
190,0.030560,0.328228,0.564382,-0.046073,-0.997274,-0.057629,0.003415,0.726891
191,0.031220,0.328348,0.561103,-0.046073,-0.997274,-0.057629,0.003348,0.730239
192,0.032372,0.328406,0.558285,-0.046073,-0.997274,-0.057629,0.003044,0.733283
193,0.033829,0.328447,0.555808,-0.116657,-0.987468,-0.106291,0.002874,0.736157
194,0.035423,0.328465,0.553784,-0.116657,-0.987468,-0.106291,0.002577,0.738734
195,0.037057,0.328446,0.552364,-0.116657,-0.987468,-0.106291,0.002165,0.740899
196,0.034110,0.328403,0.551209,-0.116657,-0.987468,-0.106291,0.003166,0.744065
197,0.031203,0.328358,0.550054,-0.116657,-0.987468,-0.106291,0.003128,0.747193
198,0.027246,0.328344,0.549390,-0.045480,-0.997336,-0.057037,0.004012,0.751205
199,0.022746,0.328299,0.549009,0.061992,-0.996098,-0.062821,0.004517,0.755722
200,0.017365,0.328181,0.548911,0.061992,-0.996098,-0.062821,0.005383,0.761105
201,0.011260,0.327975,0.548911,0.204839,-0.965525,-0.160634,0.006108,0.767213
202,0.003174,0.327877,0.547756,0.123454,-0.962658,-0.240932,0.008169,0.775382
203,-0.000291,0.327787,0.546601,0.147460,-0.959474,-0.240135,0.003654,0.779036
204,-0.002577,0.327465,0.546601,0.147460,-0.959474,-0.240135,0.002308,0.781344
205,-0.004823,0.327149,0.546601,0.147460,-0.959474,-0.240135,0.002269,0.783613
206,-0.006749,0.326845,0.546725,0.147460,-0.959474,-0.240135,0.001953,0.785566
207,-0.007971,0.326531,0.547381,0.083963,-0.980945,-0.175206,0.001422,0.786988
208,-0.008520,0.326220,0.548541,0.083963,-0.980945,-0.175206,0.001320,0.788308
209,-0.007044,0.325756,0.551458,0.083963,-0.980945,-0.175206,0.003302,0.791611
210,-0.005777,0.325168,0.555190,0.080479,-0.981228,-0.175256,0.003985,0.795595
211,-0.005582,0.324653,0.558314,0.081479,-0.993421,-0.080469,0.003172,0.798767
212,-0.005336,0.324015,0.561914,0.081479,-0.993421,-0.080469,0.003665,0.802432
213,-0.004996,0.323434,0.565891,0.273978,-0.935903,-0.221410,0.004034,0.806465
214,-0.004724,0.322946,0.570006,0.376115,-0.866791,-0.327429,0.004152,0.810618
215,-0.004450,0.322495,0.574219,0.391955,-0.903296,-0.174435,0.004246,0.814864
216,-0.004190,0.322040,0.578421,0.171491,-0.984789,0.027941,0.004235,0.819099
217,-0.003674,0.321673,0.582412,0.170479,-0.980851,-0.094167,0.004041,0.823139
218,-0.003201,0.321352,0.586527,0.170479,-0.980851,-0.094167,0.004154,0.827293
219,-0.002745,0.320974,0.590718,0.211957,-0.974635,-0.071840,0.004233,0.831527
220,-0.002366,0.320412,0.594965,0.211957,-0.974635,-0.071840,0.004301,0.835827
221,-0.001957,0.319730,0.599123,0.202124,-0.929420,-0.308745,0.004234,0.840061
222,-0.001539,0.318988,0.603263,0.236641,-0.909788,-0.341009,0.004226,0.844287
223,-0.001087,0.318179,0.607390,0.245891,-0.945349,-0.214133,0.004230,0.848517
224,-0.000730,0.317296,0.611470,0.245891,-0.945349,-0.214133,0.004190,0.852707
225,-0.000401,0.316369,0.615443,0.206487,-0.954768,-0.213965,0.004092,0.856799
226,-0.000087,0.315545,0.619655,0.206487,-0.954768,-0.213965,0.004304,0.861103
227,0.000278,0.314997,0.624014,-0.020707,-0.962771,-0.269523,0.004408,0.865511
228,0.000606,0.314608,0.628327,-0.020707,-0.962771,-0.269523,0.004343,0.869854
229,0.000943,0.314398,0.632677,0.004985,-0.999800,0.019372,0.004368,0.874222
230,0.001243,0.314352,0.637027,0.095263,-0.580064,0.808981,0.004360,0.878583
231,0.001620,0.314462,0.641396,0.161604,-0.984015,0.074822,0.004387,0.882969
232,0.001978,0.314736,0.645819,0.239118,-0.958608,0.154577,0.004446,0.887416
233,0.002315,0.315098,0.650033,0.241473,-0.968045,0.067671,0.004243,0.891659
234,0.002557,0.315322,0.654158,0.243189,-0.969342,-0.035136,0.004138,0.895797
235,0.002804,0.315510,0.658384,0.187545,-0.981981,0.023220,0.004237,0.900034
236,0.003018,0.315679,0.662591,0.187427,-0.981363,-0.042408,0.004216,0.904250
237,0.003232,0.315887,0.666835,0.162683,-0.986534,-0.016900,0.004255,0.908505
238,0.003438,0.316163,0.671088,0.162208,-0.983651,0.078224,0.004267,0.912771
239,0.003639,0.316554,0.675306,0.162208,-0.983651,0.078224,0.004241,0.917012
240,0.003797,0.317033,0.679503,0.180717,-0.966119,0.184269,0.004227,0.921239
241,0.003921,0.317642,0.683743,0.204960,-0.956310,0.208476,0.004285,0.925524
242,0.004054,0.318285,0.687934,0.206411,-0.963083,0.172819,0.004242,0.929766
243,0.004176,0.318942,0.692093,0.306151,-0.911592,0.274355,0.004212,0.933979
244,0.004285,0.319603,0.696228,0.318992,-0.947593,0.017646,0.004189,0.938168
245,0.004419,0.320240,0.700362,0.264850,-0.961866,0.068323,0.004185,0.942353
246,0.004565,0.320852,0.704491,0.262957,-0.954992,0.137270,0.004177,0.946530
247,0.004731,0.321474,0.708547,0.262957,-0.954992,0.137270,0.004106,0.950636
248,0.004979,0.322137,0.712428,0.216362,-0.964360,0.152309,0.003946,0.954582
249,0.005188,0.322979,0.716430,0.216362,-0.964360,0.152309,0.004095,0.958676
250,0.005402,0.323883,0.720437,0.201860,-0.940376,0.273762,0.004113,0.962789
251,0.005630,0.324774,0.724185,0.130200,-0.931101,0.340732,0.003860,0.966648
252,0.005084,0.325655,0.728196,0.135417,-0.968409,0.209395,0.004143,0.970792
253,0.004513,0.326505,0.731940,0.133059,-0.968237,0.211691,0.003881,0.974673
254,0.003926,0.327241,0.735193,0.133059,-0.968237,0.211691,0.003387,0.978060
255,0.002740,0.327764,0.737963,0.134933,-0.968725,0.208242,0.003058,0.981118
256,0.001022,0.328010,0.740027,0.134933,-0.968725,0.208242,0.002697,0.983815
257,-0.001989,0.328088,0.742672,0.099120,-0.965014,0.242740,0.004008,0.987823
258,-0.005090,0.328173,0.745338,0.099120,-0.965014,0.242740,0.004091,0.991913
259,-0.007801,0.328209,0.747480,0.205431,-0.948480,0.241213,0.003455,0.995369
260,-0.011032,0.328181,0.749602,0.283015,-0.941900,0.180907,0.003865,0.999234
261,-0.014766,0.328027,0.751699,0.141763,-0.957924,0.249570,0.004285,1.003519
262,-0.018166,0.327787,0.753567,0.141763,-0.957924,0.249570,0.003887,1.007407
263,-0.021304,0.327428,0.755161,0.135740,-0.957527,0.254394,0.003538,1.010945
264,-0.023187,0.326932,0.754999,0.336754,-0.910023,0.241774,0.001954,1.012898
265,-0.024857,0.326265,0.754065,0.336754,-0.910023,0.241774,0.002026,1.014925
266,-0.026177,0.325490,0.752250,0.336754,-0.910023,0.241774,0.002374,1.017299
267,-0.026961,0.324599,0.749492,0.330237,-0.892412,0.307480,0.003002,1.020301
268,-0.027264,0.323691,0.746148,0.157557,-0.978566,0.132603,0.003479,1.023779
269,-0.027435,0.322776,0.742487,0.157173,-0.976180,0.149563,0.003778,1.027557
270,-0.027360,0.321892,0.738534,0.106905,-0.970434,0.216399,0.004051,1.031608
271,-0.027281,0.321057,0.734618,0.092869,-0.955983,0.278337,0.004006,1.035614
272,-0.027380,0.320196,0.730525,0.166027,-0.956855,0.238459,0.004183,1.039797
273,-0.027519,0.319244,0.726427,0.166644,-0.960410,0.223254,0.004210,1.044006
274,-0.027709,0.318279,0.722432,0.115782,-0.978017,0.173430,0.004114,1.048121
275,-0.027855,0.317269,0.718433,0.112476,-0.950096,0.290977,0.004127,1.052248
276,-0.027938,0.316322,0.714392,0.039514,-0.974125,0.222529,0.004152,1.056400
277,-0.028071,0.315428,0.710289,0.038507,-0.949306,0.311987,0.004201,1.060601
278,-0.028229,0.314593,0.706116,0.161852,-0.973911,0.159062,0.004259,1.064859
279,-0.028394,0.313836,0.701931,0.223910,-0.961123,0.161578,0.004256,1.069115
280,-0.028591,0.313181,0.697763,0.152994,-0.982256,0.108473,0.004223,1.073339
281,-0.028785,0.312577,0.693551,0.149972,-0.987249,0.053371,0.004259,1.077598
282,-0.029014,0.312093,0.689331,0.149972,-0.987249,0.053371,0.004255,1.081853
283,-0.029283,0.311629,0.685100,0.111573,-0.986088,0.123216,0.004265,1.086117
284,-0.029512,0.311193,0.680905,0.111573,-0.986088,0.123216,0.004224,1.090341
285,-0.029739,0.310757,0.676748,0.130854,-0.986808,0.095328,0.004186,1.094527
286,-0.029904,0.310329,0.672496,0.130854,-0.986808,0.095328,0.004277,1.098803
287,-0.030044,0.309940,0.668185,0.137007,-0.985047,0.104459,0.004331,1.103134
288,-0.030266,0.309682,0.663694,0.137007,-0.985047,0.104459,0.004504,1.107638
289,-0.030475,0.309586,0.659153,0.189238,-0.981659,0.023101,0.004547,1.112185
290,-0.030652,0.309669,0.654628,0.193950,-0.980842,0.018212,0.004529,1.116715
291,-0.030890,0.309880,0.650266,0.101532,-0.987294,-0.122240,0.004374,1.121088
292,-0.031012,0.310210,0.645861,0.102205,-0.993836,-0.042947,0.004419,1.125507
293,-0.031191,0.310583,0.641615,0.301928,-0.935018,-0.185957,0.004267,1.129773
294,-0.031363,0.310950,0.637369,0.370981,-0.927403,-0.047924,0.004265,1.134039
295,-0.031778,0.311283,0.633178,0.370981,-0.927403,-0.047924,0.004224,1.138263
296,-0.032206,0.311606,0.629036,0.371295,-0.928188,0.024627,0.004177,1.142440
297,-0.032678,0.311881,0.624917,0.371295,-0.928188,0.024627,0.004155,1.146595
298,-0.033060,0.312100,0.620698,0.029774,-0.993540,-0.109505,0.004242,1.150837
299,-0.033544,0.312346,0.616394,0.067073,-0.986967,-0.146277,0.004338,1.155175
300,-0.034055,0.312671,0.612041,0.067498,-0.993223,-0.094616,0.004395,1.159569
301,-0.034596,0.313094,0.607731,0.134705,-0.990693,0.019549,0.004364,1.163934
302,-0.034843,0.313563,0.603531,0.185047,-0.968033,-0.169319,0.004233,1.168167
303,-0.035127,0.314016,0.599362,0.185047,-0.968033,-0.169319,0.004203,1.172370
304,-0.035422,0.314477,0.595152,0.177148,-0.978865,-0.102184,0.004245,1.176615
305,-0.035771,0.314995,0.590877,0.149713,-0.980148,-0.129985,0.004321,1.180937
306,-0.036145,0.315509,0.586721,0.149870,-0.981175,-0.121796,0.004204,1.185141
307,-0.036525,0.316042,0.582570,0.133890,-0.981365,-0.137828,0.004203,1.189343
308,-0.036911,0.316617,0.578400,0.134269,-0.984143,-0.115909,0.004226,1.193569
309,-0.037309,0.317286,0.574305,0.196627,-0.964067,-0.178641,0.004169,1.197739
310,-0.037769,0.318057,0.570257,0.195479,-0.958438,-0.207811,0.004146,1.201885
311,-0.038171,0.318925,0.566196,0.211010,-0.951647,-0.223254,0.004172,1.206057
312,-0.038583,0.319857,0.562153,0.204368,-0.921693,-0.329721,0.004170,1.210227
313,-0.038953,0.320866,0.558256,0.204368,-0.921693,-0.329721,0.004042,1.214268
314,-0.039315,0.321959,0.554411,0.139335,-0.962475,-0.232870,0.004014,1.218282
315,-0.039667,0.323138,0.550577,0.139335,-0.962475,-0.232870,0.004027,1.222309
316,-0.040359,0.324210,0.547037,0.069500,-0.935665,-0.345978,0.003763,1.226072
317,-0.041455,0.325103,0.544041,0.069500,-0.935665,-0.345978,0.003312,1.229384
318,-0.042895,0.325897,0.541607,0.069500,-0.935665,-0.345978,0.002938,1.232322
319,-0.045116,0.326688,0.539453,0.070119,-0.943991,-0.322434,0.003194,1.235516
320,-0.047901,0.327360,0.537680,-0.160540,-0.914300,-0.371862,0.003369,1.238885
321,-0.051388,0.327831,0.536442,-0.004660,-0.973271,-0.229612,0.003730,1.242615
322,-0.055114,0.328025,0.535968,-0.004660,-0.973271,-0.229612,0.003761,1.246376
323,-0.058668,0.328079,0.535980,-0.027040,-0.972926,-0.229530,0.003555,1.249931
324,-0.062567,0.327968,0.536463,0.025746,-0.959974,-0.278902,0.003930,1.253861
325,-0.066084,0.327785,0.536999,0.067505,-0.958102,-0.278358,0.003562,1.257423
326,-0.068726,0.327364,0.538144,0.067505,-0.958102,-0.278358,0.002910,1.260333
327,-0.070776,0.326736,0.539899,0.067505,-0.958102,-0.278358,0.002771,1.263104
328,-0.072020,0.325829,0.542314,0.029861,-0.950053,-0.310656,0.002864,1.265968
329,-0.072933,0.324692,0.545038,0.029861,-0.950053,-0.310656,0.003090,1.269058
330,-0.073541,0.323390,0.547931,0.029861,-0.950053,-0.310656,0.003230,1.272288
331,-0.073244,0.322013,0.550831,0.027740,-0.882584,-0.469336,0.003224,1.275512
332,-0.072941,0.320386,0.554207,0.050212,-0.825837,-0.561668,0.003760,1.279272
333,-0.072643,0.318634,0.557792,0.021026,-0.885326,-0.464495,0.004000,1.283273
334,-0.072321,0.316833,0.561384,0.021026,-0.885326,-0.464495,0.004032,1.287304
335,-0.071916,0.315137,0.565013,-0.010704,-0.898295,-0.439262,0.004026,1.291331
336,-0.071479,0.313616,0.568728,0.010849,-0.924798,-0.380304,0.004037,1.295368
337,-0.071051,0.312232,0.572647,0.010849,-0.924798,-0.380304,0.004179,1.299546
338,-0.070498,0.311040,0.576713,0.101484,-0.967206,-0.232840,0.004273,1.303820
339,-0.070054,0.309993,0.581017,0.115658,-0.968797,-0.219215,0.004451,1.308271
340,-0.069594,0.309135,0.585373,0.116341,-0.974520,-0.191772,0.004463,1.312734
341,-0.069155,0.308444,0.589802,0.209863,-0.963285,-0.167452,0.004505,1.317239
342,-0.068801,0.307886,0.594145,0.124027,-0.989009,-0.080483,0.004393,1.321632
343,-0.068472,0.307414,0.598500,0.123813,-0.987301,-0.099539,0.004393,1.326025
344,-0.068153,0.307013,0.602860,0.114228,-0.989378,-0.089903,0.004390,1.330414
345,-0.067956,0.306625,0.607191,0.114275,-0.989783,-0.085274,0.004353,1.334767
346,-0.067653,0.306301,0.611421,0.113643,-0.989910,-0.084639,0.004254,1.339021
347,-0.067463,0.305990,0.615758,0.113745,-0.990792,-0.073433,0.004352,1.343372
348,-0.067303,0.305700,0.619954,0.114684,-0.990333,-0.078025,0.004209,1.347581
349,-0.067147,0.305398,0.624139,0.114736,-0.990782,-0.072021,0.004200,1.351781
350,-0.067033,0.305102,0.628396,0.049182,-0.998433,-0.026711,0.004268,1.356049
351,-0.067060,0.304793,0.632497,0.025874,-0.994371,-0.102751,0.004113,1.360162
352,-0.067097,0.304464,0.636749,0.025874,-0.994371,-0.102751,0.004264,1.364427
353,-0.067020,0.304121,0.640867,0.025987,-0.998732,-0.043125,0.004134,1.368560
354,-0.066780,0.303786,0.645157,-0.067291,-0.988463,-0.135693,0.004310,1.372870
355,-0.066455,0.303573,0.649921,-0.067795,-0.995875,-0.060312,0.004780,1.377650
356,-0.066134,0.303529,0.654672,-0.006308,-0.999664,-0.025149,0.004762,1.382411
357,-0.065745,0.303688,0.659413,0.020859,-0.999780,0.002016,0.004760,1.387171
358,-0.065228,0.304038,0.664247,0.046327,-0.982863,0.178419,0.004875,1.392046
359,-0.064712,0.304526,0.668815,0.046327,-0.982863,0.178419,0.004622,1.396668
360,-0.064335,0.305157,0.673494,0.071389,-0.967105,0.244155,0.004737,1.401404
361,-0.064143,0.305867,0.677845,0.069958,-0.971031,0.228485,0.004413,1.405817
362,-0.063878,0.306544,0.681848,0.071092,-0.986767,0.145726,0.004068,1.409886
363,-0.063613,0.307179,0.685883,0.071092,-0.986767,0.145726,0.004094,1.413979
364,-0.063378,0.307718,0.689859,0.059799,-0.994184,0.089570,0.004019,1.417999
365,-0.063139,0.308199,0.693882,0.059799,-0.994184,0.089570,0.004059,1.422057
366,-0.062886,0.308685,0.698025,0.059705,-0.992633,0.105432,0.004178,1.426236
367,-0.062621,0.309154,0.702167,0.065150,-0.991701,0.110834,0.004177,1.430413
368,-0.062195,0.309684,0.706467,0.065087,-0.990735,0.119197,0.004353,1.434766
369,-0.061910,0.310300,0.710737,0.079586,-0.990096,0.115650,0.004324,1.439090
370,-0.061700,0.310977,0.714908,0.079586,-0.990096,0.115650,0.004231,1.443321
371,-0.061510,0.311649,0.719067,0.128171,-0.964108,0.232524,0.004217,1.447538
372,-0.061270,0.312386,0.723247,0.128171,-0.964108,0.232524,0.004251,1.451789
373,-0.061053,0.313190,0.727398,-0.006637,-0.993125,0.116868,0.004234,1.456023
374,-0.060855,0.314100,0.731518,-0.054661,-0.993497,0.099882,0.004224,1.460247
375,-0.060706,0.315038,0.735520,0.096459,-0.965899,0.240282,0.004113,1.464360
376,-0.060559,0.315975,0.739452,0.096459,-0.965899,0.240282,0.004044,1.468405
377,-0.060365,0.317011,0.743361,0.174048,-0.956883,0.232555,0.004048,1.472453
378,-0.060161,0.318210,0.747205,0.145805,-0.954585,0.259822,0.004032,1.476485
379,-0.060008,0.319487,0.751101,0.138232,-0.905007,0.402312,0.004103,1.480588
380,-0.060158,0.320672,0.754728,0.132471,-0.901497,0.412012,0.003818,1.484406
381,-0.060978,0.321593,0.757801,0.116118,-0.925249,0.361151,0.003311,1.487718
382,-0.062414,0.322282,0.760333,0.095707,-0.961274,0.258442,0.002991,1.490709
383,-0.064477,0.322733,0.762378,0.163993,-0.952633,0.256119,0.002940,1.493649
384,-0.067142,0.322863,0.763951,0.146227,-0.952437,0.267361,0.003097,1.496746
385,-0.070291,0.322750,0.765005,0.146227,-0.952437,0.267361,0.003323,1.500069
386,-0.074078,0.322418,0.765333,0.162501,-0.946674,0.278213,0.003815,1.503884
387,-0.078008,0.322074,0.765340,0.162501,-0.946674,0.278213,0.003946,1.507830
388,-0.081630,0.321804,0.765061,-0.015702,-0.979130,0.202629,0.003642,1.511472
389,-0.084792,0.321531,0.764293,-0.015702,-0.979130,0.202629,0.003266,1.514738
390,-0.087432,0.321279,0.762932,-0.015702,-0.979130,0.202629,0.002981,1.517718
391,-0.089530,0.321014,0.760961,-0.141286,-0.969427,0.200621,0.002890,1.520609
392,-0.091212,0.320796,0.758568,-0.142808,-0.979869,0.139508,0.002934,1.523543
393,-0.092291,0.320663,0.755595,-0.142808,-0.979869,0.139508,0.003165,1.526708
394,-0.093009,0.320359,0.751835,-0.092993,-0.977626,0.188677,0.003841,1.530548
395,-0.093422,0.319912,0.747793,-0.093736,-0.985442,-0.141834,0.004087,1.534635
396,-0.093764,0.319456,0.743654,-0.140686,-0.985496,-0.094896,0.004178,1.538814
397,-0.094079,0.318976,0.739509,-0.136632,-0.957096,0.255536,0.004184,1.542998
398,-0.094396,0.318543,0.735364,-0.187874,-0.933993,0.303907,0.004180,1.547178
399,-0.094726,0.318017,0.731036,-0.174802,-0.965963,0.190681,0.004372,1.551550
400,-0.095105,0.317356,0.726734,-0.176833,-0.977188,0.117618,0.004369,1.555919
401,-0.095473,0.316766,0.722648,-0.176833,-0.977188,0.117618,0.004145,1.560064
402,-0.095851,0.316243,0.718529,-0.186801,-0.977650,0.096465,0.004169,1.564233
403,-0.096207,0.315716,0.714415,-0.158233,-0.982630,0.096956,0.004163,1.568395
404,-0.096546,0.315139,0.710355,-0.124177,-0.979243,0.160200,0.004115,1.572510
405,-0.096865,0.314449,0.706378,-0.124177,-0.979243,0.160200,0.004049,1.576559
406,-0.097180,0.313612,0.702473,-0.086651,-0.963122,0.254732,0.004007,1.580566
407,-0.097456,0.312625,0.698679,-0.060602,-0.944932,0.321608,0.003929,1.584496
408,-0.097674,0.311455,0.694908,-0.029983,-0.924448,0.380128,0.003955,1.588450
409,-0.097871,0.310174,0.691198,-0.030078,-0.927392,0.372880,0.003929,1.592380
410,-0.097987,0.308774,0.687218,0.002141,-0.916376,0.400313,0.004221,1.596601
411,-0.098088,0.307395,0.683028,0.039374,-0.934396,0.354052,0.004413,1.601013
412,-0.098234,0.306115,0.678700,0.039374,-0.934396,0.354052,0.004516,1.605529
413,-0.098377,0.305108,0.673863,0.081091,-0.978011,0.192143,0.004942,1.610471
414,-0.098572,0.304372,0.669038,0.082155,-0.990837,0.107202,0.004885,1.615356
415,-0.098699,0.303919,0.664130,0.060292,-0.994518,0.085432,0.004931,1.620286
416,-0.098840,0.303716,0.659251,0.059910,-0.988220,-0.140827,0.004885,1.625171
417,-0.099056,0.303705,0.654765,0.049150,-0.987251,-0.151390,0.004492,1.629663
418,-0.099256,0.303802,0.650391,0.117720,-0.987502,-0.104796,0.004380,1.634043
419,-0.099527,0.303976,0.645851,0.118222,-0.991711,0.050337,0.004551,1.638594
420,-0.099796,0.304117,0.641870,0.131633,-0.990617,0.036740,0.003993,1.642587
421,-0.100112,0.304199,0.637689,0.131706,-0.991167,-0.015522,0.004194,1.646781
422,-0.100549,0.304280,0.633470,0.071684,-0.994524,-0.076042,0.004242,1.651023
423,-0.100983,0.304371,0.629150,0.071892,-0.997408,-0.002933,0.004343,1.655365
424,-0.101468,0.304548,0.624652,0.031341,-0.998559,-0.043571,0.004528,1.659893
425,-0.101981,0.304817,0.620182,0.031225,-0.994856,-0.096366,0.004507,1.664400
426,-0.102388,0.305161,0.615884,0.031225,-0.994856,-0.096366,0.004332,1.668732
427,-0.102792,0.305555,0.611466,0.001576,-0.994215,-0.107396,0.004454,1.673186
428,-0.103117,0.306029,0.607106,0.001576,-0.994215,-0.107396,0.004397,1.677583
429,-0.103442,0.306551,0.602848,0.001571,-0.991122,-0.132946,0.004302,1.681885
430,-0.103760,0.307096,0.598613,0.001571,-0.991122,-0.132946,0.004281,1.686167
431,-0.104030,0.307662,0.594401,0.008022,-0.988520,-0.150875,0.004258,1.690425
432,-0.104288,0.308296,0.590129,0.008022,-0.988520,-0.150875,0.004326,1.694751
433,-0.104550,0.308999,0.585836,0.013808,-0.990610,-0.136016,0.004358,1.699109
434,-0.104799,0.309822,0.581575,0.013808,-0.990610,-0.136016,0.004347,1.703457
435,-0.105066,0.310774,0.577366,0.028126,-0.976989,-0.211426,0.004323,1.707780
436,-0.105348,0.311869,0.573253,0.027369,-0.950718,-0.308845,0.004266,1.712046
437,-0.105655,0.313118,0.569223,0.058587,-0.938117,-0.341327,0.004231,1.716276
438,-0.105980,0.314529,0.565324,0.067614,-0.923787,-0.376890,0.004159,1.720435
439,-0.106344,0.316063,0.561627,0.072806,-0.898172,-0.433574,0.004019,1.724454
440,-0.106722,0.317738,0.557957,0.072806,-0.898172,-0.433574,0.004051,1.728506
441,-0.107030,0.319388,0.554404,0.070637,-0.871408,-0.485447,0.003929,1.732435
442,-0.107328,0.321015,0.550981,0.078886,-0.866500,-0.492905,0.003802,1.736237
443,-0.107609,0.322409,0.548055,0.077678,-0.937308,-0.339735,0.003254,1.739491
444,-0.108798,0.323718,0.545200,-0.006702,-0.910982,-0.412391,0.003358,1.742849
445,-0.110184,0.324871,0.542551,-0.006702,-0.910982,-0.412391,0.003205,1.746054
446,-0.111805,0.325844,0.540140,0.002868,-0.945461,-0.325723,0.003063,1.749117
447,-0.114049,0.326385,0.538538,0.002868,-0.945461,-0.325723,0.002810,1.751927
448,-0.117060,0.326689,0.537414,0.002868,-0.945461,-0.325723,0.003229,1.755156
449,-0.120524,0.326678,0.536829,0.161287,-0.933086,-0.321460,0.003513,1.758669
450,-0.124455,0.326598,0.536361,0.051313,-0.907020,-0.417949,0.003959,1.762628
451,-0.128087,0.326322,0.536349,0.051313,-0.907020,-0.417949,0.003643,1.766270
452,-0.131762,0.325809,0.536817,0.129737,-0.900541,-0.414963,0.003740,1.770011
453,-0.135088,0.325026,0.537863,-0.005170,-0.853344,-0.521323,0.003573,1.773584
454,-0.137658,0.324203,0.539199,0.039221,-0.852699,-0.520929,0.003012,1.776595
455,-0.139425,0.323197,0.541045,0.041706,-0.906734,-0.419636,0.002747,1.779342
456,-0.140696,0.322069,0.543307,0.010456,-0.931891,-0.362587,0.002829,1.782171
457,-0.141414,0.320756,0.545920,0.010440,-0.932098,-0.362056,0.003011,1.785182
458,-0.141418,0.319258,0.549017,-0.059510,-0.909268,-0.411934,0.003441,1.788623
459,-0.141017,0.317667,0.552346,0.023307,-0.877811,-0.478440,0.003711,1.792334
460,-0.140567,0.316044,0.555979,0.023307,-0.877811,-0.478440,0.004004,1.796338
461,-0.140258,0.314445,0.559838,0.142271,-0.840034,-0.523547,0.004189,1.800526
462,-0.139985,0.312999,0.563680,0.123738,-0.881673,-0.455347,0.004115,1.804641
463,-0.139692,0.311678,0.567606,0.166821,-0.949535,-0.265618,0.004152,1.808794
464,-0.139375,0.310507,0.571698,0.021756,-0.991923,-0.124963,0.004268,1.813062
465,-0.139062,0.309485,0.575867,0.021511,-0.980757,-0.194045,0.004303,1.817365
466,-0.138771,0.308618,0.580179,0.005483,-0.983911,-0.178573,0.004408,1.821773
467,-0.138533,0.307898,0.584424,0.029911,-0.989737,-0.139737,0.004312,1.826086
468,-0.138181,0.307245,0.588490,0.029911,-0.989737,-0.139737,0.004134,1.830219
469,-0.137807,0.306575,0.592554,0.058560,-0.988738,-0.137728,0.004136,1.834355
470,-0.137439,0.305890,0.596573,0.058560,-0.988738,-0.137728,0.004094,1.838448
471,-0.137067,0.305176,0.600532,0.058104,-0.981037,-0.184908,0.004040,1.842488
472,-0.136715,0.304408,0.604551,0.068234,-0.972762,-0.221535,0.004107,1.846595
473,-0.136398,0.303578,0.608828,0.051179,-0.971269,-0.232418,0.004368,1.850963
474,-0.136083,0.302788,0.613113,0.065275,-0.970469,-0.232227,0.004368,1.855331
475,-0.135826,0.302261,0.618122,0.052587,-0.979424,-0.194840,0.005044,1.860375
476,-0.135597,0.301937,0.623037,0.053483,-0.996112,-0.070000,0.004931,1.865306
477,-0.135349,0.301838,0.627985,0.053483,-0.996112,-0.070000,0.004956,1.870262
478,-0.135292,0.301932,0.632829,0.030989,-0.972055,0.232699,0.004845,1.875106
479,-0.135213,0.302213,0.637619,0.030989,-0.972055,0.232699,0.004799,1.879905
480,-0.134893,0.302740,0.642086,0.031470,-0.987134,0.156768,0.004510,1.884415
481,-0.134822,0.303311,0.646625,-0.055436,-0.994674,0.086898,0.004575,1.888990
482,-0.134694,0.303786,0.650618,-0.055436,-0.994674,0.086898,0.004023,1.893013
483,-0.134549,0.304251,0.654761,0.095646,-0.993320,-0.064557,0.004172,1.897185
484,-0.134394,0.304725,0.658965,-0.058154,-0.994308,0.089273,0.004233,1.901418
485,-0.133966,0.305201,0.663178,-0.057702,-0.986591,0.152672,0.004262,1.905679
486,-0.133546,0.305754,0.667539,-0.051421,-0.988376,0.143067,0.004416,1.910096
487,-0.133309,0.306406,0.672002,-0.051044,-0.981124,0.186521,0.004516,1.914612
488,-0.132844,0.307218,0.676327,0.037804,-0.994320,0.099495,0.004425,1.919037
489,-0.132398,0.308129,0.680512,0.036961,-0.972136,0.231485,0.004306,1.923343
490,-0.131996,0.309157,0.684695,0.111615,-0.947033,0.301115,0.004326,1.927669
491,-0.131624,0.310274,0.688751,0.112274,-0.952623,0.282675,0.004224,1.931893
492,-0.131391,0.311521,0.692864,0.119317,-0.949800,0.289213,0.004304,1.936197
493,-0.131160,0.312818,0.696766,0.109582,-0.926895,0.358968,0.004118,1.940315
494,-0.131003,0.314120,0.700553,0.102299,-0.936608,0.335112,0.004008,1.944323
495,-0.130754,0.315429,0.704418,0.089272,-0.947872,0.305890,0.004088,1.948412
496,-0.130467,0.316703,0.708212,0.089272,-0.947872,0.305890,0.004013,1.952424
497,-0.130127,0.317976,0.711989,0.033313,-0.927446,0.372471,0.004000,1.956424
498,-0.129695,0.319247,0.716019,-0.098749,-0.962366,0.253179,0.004248,1.960672
499,-0.129231,0.320396,0.720109,-0.106215,-0.929940,0.352038,0.004274,1.964945
500,-0.128835,0.321453,0.724084,-0.107346,-0.939550,0.325151,0.004132,1.969078
501,-0.128420,0.322454,0.728107,-0.140037,-0.981962,0.127041,0.004166,1.973244
502,-0.128063,0.323435,0.732135,-0.152238,-0.980175,0.126810,0.004161,1.977405
503,-0.127450,0.324394,0.736523,-0.081595,-0.963444,0.255182,0.004533,1.981938
504,-0.126850,0.325188,0.740629,-0.081595,-0.963444,0.255182,0.004225,1.986163
505,-0.126444,0.325960,0.744688,-0.082245,-0.971124,0.223951,0.004152,1.990315
506,-0.126319,0.326737,0.748372,-0.082245,-0.971124,0.223951,0.003766,1.994081
507,-0.126707,0.327482,0.751415,-0.230590,-0.941744,0.244839,0.003157,1.997239
508,-0.127610,0.328102,0.753573,-0.151913,-0.974243,0.166653,0.002420,1.999658
509,-0.129128,0.328569,0.754651,-0.158954,-0.972772,0.168668,0.001920,2.001578
510,-0.131649,0.328923,0.754567,-0.158954,-0.972772,0.168668,0.002548,2.004126
511,-0.134909,0.329240,0.753987,-0.158954,-0.972772,0.168668,0.003326,2.007452
512,-0.138668,0.329387,0.752523,-0.123232,-0.972339,0.198420,0.004036,2.011488
513,-0.142779,0.329460,0.750683,-0.097584,-0.965779,0.240307,0.004504,2.015993
514,-0.146926,0.329480,0.748903,-0.065931,-0.966126,0.249506,0.004514,2.020506
515,-0.150827,0.329290,0.746878,-0.065931,-0.966126,0.249506,0.004399,2.024905
516,-0.154221,0.328893,0.744795,-0.081548,-0.949216,0.303873,0.004003,2.028908
517,-0.156934,0.328364,0.742691,-0.081714,-0.968689,0.234443,0.003473,2.032381
518,-0.159010,0.327732,0.740303,0.073459,-0.924086,0.375059,0.003228,2.035608
519,-0.160733,0.326892,0.737327,-0.071128,-0.924242,0.375123,0.003539,2.039147
520,-0.161945,0.325878,0.734012,-0.104436,-0.971592,0.212375,0.003673,2.042820
521,-0.162649,0.324475,0.730085,-0.104436,-0.971592,0.212375,0.004229,2.047049
522,-0.163131,0.322978,0.726333,0.024295,-0.939839,0.340753,0.004068,2.051117
523,-0.163558,0.321405,0.722704,0.056439,-0.950930,0.304216,0.003979,2.055096
524,-0.163999,0.319671,0.718982,0.115887,-0.799578,0.589275,0.004130,2.059226
525,-0.164398,0.317787,0.715433,0.115887,-0.799578,0.589275,0.004037,2.063263
526,-0.164486,0.315780,0.712166,0.094225,-0.812516,0.575273,0.003835,2.067099
527,-0.164410,0.313632,0.708817,0.051506,-0.880941,0.470415,0.003979,2.071078
528,-0.164348,0.311508,0.705468,0.070913,-0.758618,0.647665,0.003966,2.075044
529,-0.164353,0.309514,0.701978,0.176769,-0.842247,0.509287,0.004020,2.079064
530,-0.164370,0.307609,0.698044,0.234830,-0.868673,0.436191,0.004370,2.083434
531,-0.164490,0.305921,0.693852,0.160042,-0.954638,0.251104,0.004522,2.087956
532,-0.164796,0.304551,0.688988,0.132642,-0.953266,0.271458,0.005063,2.093018
533,-0.165223,0.303555,0.684258,0.136793,-0.983095,0.121708,0.004852,2.097870
534,-0.165781,0.302824,0.679694,0.090208,-0.993097,0.074970,0.004656,2.102526
535,-0.166085,0.302408,0.675155,0.008973,-0.990498,-0.137235,0.004568,2.107094
536,-0.166386,0.302105,0.670554,0.008973,-0.990498,-0.137235,0.004620,2.111715
537,-0.166711,0.301963,0.666216,0.008994,-0.992793,0.119503,0.004352,2.116067
538,-0.167070,0.301871,0.661844,0.116078,-0.991317,0.061774,0.004388,2.120455
539,-0.167298,0.301706,0.657929,0.105086,-0.993171,0.050682,0.003925,2.124380
540,-0.167510,0.301474,0.653734,0.105008,-0.992431,0.063666,0.004207,2.128587
541,-0.168065,0.301372,0.649073,0.047005,-0.998880,0.005393,0.004695,2.133282
542,-0.168816,0.301387,0.644555,0.046557,-0.998271,0.035894,0.004580,2.137862
543,-0.169542,0.301512,0.640017,0.046557,-0.998271,0.035894,0.004598,2.142460
544,-0.170049,0.301689,0.635673,-0.129137,-0.986553,-0.100187,0.004376,2.146836
545,-0.170407,0.301867,0.631519,-0.129137,-0.986553,-0.100187,0.004174,2.151010
546,-0.170926,0.302013,0.627491,-0.129039,-0.985808,-0.107389,0.004063,2.155073
547,-0.171585,0.302327,0.622834,0.021929,-0.998797,0.043864,0.004715,2.159788
548,-0.171882,0.302682,0.618461,0.021932,-0.998948,0.040263,0.004397,2.164185
549,-0.172099,0.303140,0.614010,-0.087674,-0.984943,0.148997,0.004480,2.168665
550,-0.172269,0.303712,0.609533,-0.161792,-0.968191,-0.190867,0.004516,2.173181
551,-0.172680,0.304482,0.604868,-0.161588,-0.966970,-0.197124,0.004746,2.177928
552,-0.173095,0.305491,0.600187,-0.120286,-0.956970,-0.264084,0.004806,2.182734
553,-0.173307,0.306751,0.595410,-0.094493,-0.942486,-0.320611,0.004945,2.187679
554,-0.173365,0.308065,0.591344,-0.126207,-0.928589,-0.348991,0.004273,2.191952
555,-0.173427,0.309464,0.587327,-0.125115,-0.920549,-0.370048,0.004254,2.196206
556,-0.173530,0.310922,0.583478,-0.139505,-0.923528,-0.357260,0.004117,2.200324
557,-0.173639,0.312437,0.579779,-0.140067,-0.927243,-0.347278,0.003998,2.204322
558,-0.173656,0.313962,0.576128,-0.188894,-0.900125,-0.392547,0.003956,2.208279
559,-0.173605,0.315509,0.572554,-0.184656,-0.879931,-0.437747,0.003895,2.212174
560,-0.173488,0.317068,0.569013,-0.184656,-0.879931,-0.437747,0.003870,2.216044
561,-0.173318,0.318671,0.565447,-0.244285,-0.889920,-0.385184,0.003913,2.219957
562,-0.173247,0.320344,0.561767,-0.278549,-0.865835,-0.415620,0.004043,2.224001
563,-0.173190,0.321949,0.558163,-0.289431,-0.854242,-0.431856,0.003946,2.227947
564,-0.173218,0.323549,0.554449,-0.295490,-0.872127,-0.389975,0.004044,2.231991
565,-0.173683,0.324974,0.551303,-0.199399,-0.932722,-0.300449,0.003484,2.235475
566,-0.174764,0.326178,0.548864,-0.194683,-0.910661,-0.364411,0.002927,2.238402
567,-0.176449,0.327180,0.547140,-0.155382,-0.931463,-0.328988,0.002611,2.241013
568,-0.178798,0.327949,0.546198,-0.168137,-0.929707,-0.327681,0.002645,2.243658
569,-0.181621,0.328447,0.546156,-0.168137,-0.929707,-0.327681,0.002867,2.246525
570,-0.185064,0.328766,0.546778,-0.138350,-0.933892,-0.329704,0.003514,2.250039
571,-0.188994,0.328787,0.548281,-0.138350,-0.933892,-0.329704,0.004207,2.254246
572,-0.193086,0.328727,0.549956,-0.121339,-0.934174,-0.335553,0.004422,2.258668
573,-0.197148,0.328503,0.551850,-0.091493,-0.935789,-0.340481,0.004487,2.263155
574,-0.200649,0.328020,0.553997,-0.060848,-0.925030,-0.374990,0.004136,2.267291
575,-0.203515,0.327243,0.556478,-0.094350,-0.922613,-0.374010,0.003869,2.271160
576,-0.205731,0.326200,0.559175,-0.095781,-0.936613,-0.337018,0.003644,2.274804
577,-0.207254,0.324875,0.562120,0.027319,-0.896748,-0.441698,0.003570,2.278373
578,-0.208170,0.323367,0.565201,0.026682,-0.875840,-0.481863,0.003551,2.281924
579,-0.208473,0.321630,0.568526,0.038600,-0.866719,-0.497302,0.003764,2.285688
580,-0.208202,0.319780,0.571884,0.021483,-0.842701,-0.537954,0.003843,2.289531
581,-0.207893,0.318021,0.575325,0.022175,-0.869854,-0.492810,0.003877,2.293408
582,-0.207590,0.316390,0.578704,0.022175,-0.869854,-0.492810,0.003764,2.297173
583,-0.207282,0.314811,0.582130,0.028959,-0.952637,-0.302729,0.003784,2.300957
584,-0.207006,0.313307,0.585585,-0.000744,-0.967152,-0.254198,0.003778,2.304735
585,-0.206741,0.311872,0.589429,-0.074283,-0.928804,-0.363049,0.004112,2.308848
586,-0.206528,0.310583,0.593435,-0.024613,-0.913714,-0.405613,0.004213,2.313061
587,-0.206137,0.309498,0.597741,-0.026578,-0.986626,-0.160818,0.004458,2.317519
588,-0.205746,0.308587,0.602086,-0.026578,-0.986626,-0.160818,0.004456,2.321975
589,-0.205286,0.307885,0.606574,-0.064641,-0.989229,-0.131328,0.004566,2.326541
590,-0.204840,0.307380,0.610822,0.095560,-0.995016,0.028483,0.004301,2.330842
591,-0.204384,0.306971,0.615133,0.095544,-0.994847,0.033934,0.004355,2.335197
592,-0.204439,0.306640,0.619319,0.133985,-0.988307,0.072780,0.004199,2.339396
593,-0.204449,0.306317,0.623489,0.130705,-0.964116,-0.231078,0.004182,2.343578
594,-0.204669,0.305956,0.627380,0.130705,-0.964116,-0.231078,0.003913,2.347492
595,-0.204943,0.305460,0.631214,-0.246287,-0.957837,-0.147953,0.003876,2.351368
596,-0.205210,0.304800,0.635337,-0.246287,-0.957837,-0.147953,0.004184,2.355552
597,-0.205556,0.304307,0.640258,-0.245943,-0.948482,-0.199734,0.004957,2.360510
598,-0.206015,0.304087,0.645203,-0.260212,-0.941460,-0.214345,0.004971,2.365481
599,-0.205852,0.304245,0.650218,-0.225709,-0.973909,-0.023600,0.005021,2.370501
600,-0.205553,0.304781,0.655267,-0.210913,-0.910064,0.356790,0.005087,2.375588
601,-0.205128,0.305652,0.660245,-0.371188,-0.892414,0.256549,0.005071,2.380659
602,-0.204548,0.306879,0.665105,-0.356309,-0.838885,0.411480,0.005045,2.385704
603,-0.203933,0.308284,0.669369,-0.333410,-0.826537,0.453513,0.004532,2.390236
604,-0.203251,0.309497,0.673175,-0.315518,-0.782181,0.537254,0.004053,2.394288
605,-0.202443,0.310588,0.677064,-0.315518,-0.782181,0.537254,0.004120,2.398408
606,-0.201721,0.311496,0.680786,-0.230959,-0.971857,-0.046399,0.003898,2.402306
607,-0.201120,0.312265,0.684459,-0.230959,-0.971857,-0.046399,0.003801,2.406107
608,-0.200561,0.312933,0.688254,-0.197323,-0.964234,0.176964,0.003894,2.410000
609,-0.200064,0.313446,0.692230,-0.197323,-0.964234,0.176964,0.004040,2.414040
610,-0.199632,0.313915,0.696469,-0.353342,-0.889325,0.290260,0.004287,2.418327
611,-0.199163,0.314567,0.700530,-0.353342,-0.889325,0.290260,0.004139,2.422466
612,-0.198772,0.315461,0.704512,-0.375762,-0.923889,0.072337,0.004100,2.426566
613,-0.198392,0.316380,0.708273,-0.375762,-0.923889,0.072337,0.003890,2.430456
614,-0.197994,0.317436,0.711915,-0.263653,-0.838705,0.476510,0.003813,2.434270
615,-0.197606,0.318551,0.715297,-0.073068,-0.946818,0.313363,0.003581,2.437851
616,-0.197244,0.319978,0.718700,-0.065989,-0.855092,0.514259,0.003708,2.441559
617,-0.197079,0.321502,0.721711,-0.076349,-0.865871,0.494407,0.003379,2.444938
618,-0.197548,0.322808,0.724074,-0.075433,-0.818028,0.570210,0.002740,2.447678
619,-0.198626,0.323623,0.725422,-0.075433,-0.818028,0.570210,0.001909,2.449588
620,-0.200273,0.324175,0.726176,-0.075433,-0.818028,0.570210,0.001893,2.451481
621,-0.202328,0.324372,0.726270,-0.001795,-0.844239,0.535964,0.002067,2.453547
622,-0.204938,0.324341,0.725840,-0.001795,-0.844239,0.535964,0.002645,2.456193
623,-0.207959,0.323879,0.724504,-0.001795,-0.844239,0.535964,0.003336,2.459528
624,-0.211284,0.323358,0.722769,-0.087833,-0.840977,0.533894,0.003787,2.463315
625,-0.214506,0.323015,0.721004,-0.170210,-0.878540,0.446314,0.003689,2.467004
626,-0.217608,0.323056,0.719401,-0.298323,-0.861393,0.411102,0.003492,2.470496
627,-0.220439,0.323228,0.717547,-0.342702,-0.905719,0.249456,0.003389,2.473884
628,-0.222988,0.323447,0.715429,-0.342702,-0.905719,0.249456,0.003322,2.477206
629,-0.225054,0.323575,0.712848,-0.480651,-0.858889,0.176872,0.003309,2.480515
630,-0.226835,0.323648,0.709927,-0.323814,-0.940634,0.101746,0.003421,2.483936
631,-0.228238,0.323574,0.706607,-0.378358,-0.911150,0.163251,0.003606,2.487541
632,-0.229267,0.323286,0.702907,-0.378358,-0.911150,0.163251,0.003851,2.491393
633,-0.229933,0.322751,0.698800,-0.380866,-0.908156,0.173764,0.004195,2.495587
634,-0.230441,0.322087,0.694612,-0.382621,-0.907667,0.172459,0.004271,2.499858
635,-0.230969,0.321332,0.690381,-0.379733,-0.900816,0.210557,0.004330,2.504188
636,-0.231639,0.320774,0.686481,-0.329844,-0.930194,0.161068,0.003996,2.508184
637,-0.232287,0.320177,0.682039,-0.320762,-0.904583,0.280787,0.004529,2.512713
638,-0.232970,0.319401,0.677756,-0.348098,-0.930761,-0.111855,0.004406,2.517119
639,-0.233665,0.318508,0.673730,-0.348098,-0.930761,-0.111855,0.004182,2.521301
640,-0.234288,0.317586,0.669783,-0.209456,-0.811179,0.546002,0.004100,2.525402
641,-0.234890,0.316662,0.665834,-0.209456,-0.811179,0.546002,0.004100,2.529501
642,-0.235484,0.315715,0.661819,-0.243988,-0.944915,0.218186,0.004168,2.533670
643,-0.236029,0.314547,0.657472,-0.207623,-0.940685,0.268335,0.004534,2.538204
644,-0.236581,0.313534,0.653689,-0.168167,-0.946906,0.274024,0.003955,2.542159
645,-0.237084,0.312760,0.649752,-0.168167,-0.946906,0.274024,0.004043,2.546202
646,-0.237513,0.312151,0.645626,-0.203817,-0.978609,-0.027970,0.004193,2.550395
647,-0.237924,0.311598,0.641385,-0.203817,-0.978609,-0.027970,0.004297,2.554692
648,-0.238288,0.311200,0.637114,-0.286760,-0.954394,0.083076,0.004305,2.558997
649,-0.238624,0.310974,0.632777,-0.216367,-0.963600,0.157037,0.004356,2.563353
650,-0.238916,0.310923,0.628525,-0.219002,-0.975334,-0.027593,0.004262,2.567614
651,-0.239241,0.310824,0.624355,-0.194692,-0.980862,-0.002198,0.004184,2.571798
652,-0.239569,0.310667,0.620175,-0.194487,-0.979830,-0.045910,0.004196,2.575995
653,-0.239823,0.310597,0.615768,-0.194487,-0.979830,-0.045910,0.004414,2.580409
654,-0.240048,0.310691,0.611467,-0.273863,-0.948964,0.156414,0.004308,2.584717
655,-0.240213,0.310961,0.607150,-0.273863,-0.948964,0.156414,0.004329,2.589046
656,-0.240389,0.311420,0.602894,-0.132602,-0.977810,-0.162189,0.004285,2.593330
657,-0.240577,0.312040,0.598720,-0.132602,-0.977810,-0.162189,0.004224,2.597554
658,-0.240716,0.312866,0.594507,0.049353,-0.959076,-0.278815,0.004295,2.601849
659,-0.240705,0.313949,0.590442,0.094252,-0.841189,-0.532464,0.004206,2.606056
660,-0.240720,0.315258,0.586701,-0.003450,-0.945505,-0.325590,0.003964,2.610019
661,-0.240705,0.316740,0.583052,-0.003450,-0.945505,-0.325590,0.003939,2.613958
662,-0.240709,0.318278,0.579529,-0.221874,-0.853393,-0.471691,0.003845,2.617803
663,-0.240796,0.319654,0.576545,-0.221874,-0.853393,-0.471691,0.003286,2.621089
664,-0.241344,0.320814,0.574452,-0.216168,-0.854661,-0.472044,0.002455,2.623544
665,-0.242300,0.321826,0.573114,-0.281315,-0.856548,-0.432652,0.001931,2.625475
666,-0.243841,0.322744,0.572494,-0.281315,-0.856548,-0.432652,0.001898,2.627373
667,-0.245911,0.323439,0.572765,-0.281315,-0.856548,-0.432652,0.002201,2.629574
668,-0.248358,0.323852,0.573908,-0.309347,-0.908827,-0.279888,0.002732,2.632305
669,-0.251245,0.324136,0.575700,-0.280151,-0.926096,-0.252710,0.003410,2.635715
670,-0.254442,0.324472,0.577908,-0.255985,-0.926169,-0.276917,0.003900,2.639615
671,-0.257886,0.324939,0.580331,-0.321169,-0.907334,-0.271286,0.004237,2.643852
672,-0.261356,0.325384,0.582849,-0.330565,-0.933879,-0.136373,0.004310,2.648162
673,-0.264141,0.325513,0.585865,-0.330565,-0.933879,-0.136373,0.004107,2.652269
674,-0.266401,0.325544,0.588647,-0.270835,-0.952523,-0.139096,0.003585,2.655854
675,-0.268271,0.325515,0.591654,-0.172833,-0.963720,-0.203404,0.003541,2.659395
676,-0.269738,0.325113,0.595489,-0.293468,-0.900099,-0.322022,0.004126,2.663521
677,-0.270879,0.324470,0.599354,-0.308421,-0.945961,-0.100168,0.004081,2.667602
678,-0.271330,0.323663,0.602913,-0.321890,-0.939767,-0.115001,0.003677,2.671279
679,-0.271518,0.322821,0.606829,-0.298985,-0.872896,-0.385566,0.004010,2.675289
680,-0.271849,0.322166,0.610554,-0.298985,-0.872896,-0.385566,0.003796,2.679085
681,-0.272156,0.321543,0.614693,-0.154252,-0.976548,0.150199,0.004197,2.683283
682,-0.272160,0.320840,0.618697,0.081946,-0.992914,-0.086067,0.004064,2.687347
683,-0.272186,0.320440,0.622403,0.082069,-0.994402,-0.066552,0.003728,2.691075
684,-0.272060,0.320171,0.626146,0.082069,-0.994402,-0.066552,0.003755,2.694830
685,-0.271952,0.320041,0.630321,-0.239662,-0.966303,0.093917,0.004178,2.699008
686,-0.271593,0.319954,0.634385,-0.133564,-0.990913,-0.015894,0.004081,2.703089
687,-0.271238,0.319967,0.638467,-0.131524,-0.975782,0.174788,0.004098,2.707186
688,-0.270866,0.319999,0.642773,0.008408,-0.999320,0.035899,0.004322,2.711508
689,-0.270951,0.320127,0.647040,0.008380,-0.995990,0.089076,0.004270,2.715778
690,-0.270932,0.320247,0.651029,0.008380,-0.995990,0.089076,0.003991,2.719769
691,-0.270823,0.320545,0.655292,-0.010748,-0.991914,-0.126452,0.004276,2.724044
692,-0.270474,0.320795,0.659080,0.173176,-0.983152,0.058493,0.003812,2.727856
693,-0.270115,0.321229,0.662880,0.133905,-0.955709,0.262085,0.003841,2.731697
694,-0.269754,0.321806,0.666619,0.049297,-0.994113,0.096486,0.003801,2.735498
695,-0.269361,0.322604,0.670118,-0.045737,-0.936735,0.347039,0.003611,2.739109
696,-0.268781,0.323634,0.673739,-0.045737,-0.936735,0.347039,0.003808,2.742917
697,-0.268253,0.324646,0.676993,-0.040518,-0.938665,0.342441,0.003448,2.746366
698,-0.267613,0.326137,0.681179,-0.063101,-0.946598,0.316180,0.004490,2.750856
699,-0.267247,0.327387,0.684995,-0.063101,-0.946598,0.316180,0.004032,2.754888
700,-0.267211,0.327511,0.685373,-0.063101,-0.946598,0.316180,0.000399,2.755287
