idx,x,y,z,nx,ny,nz,dx,dy,dz,seg_len,cumulative_len
0,0.486662,0.370220,0.776917,0.340682,-0.879774,0.331563,-0.929845,-0.196948,0.310804,0.000000,0.000000
1,0.481350,0.369215,0.778549,0.231089,-0.893378,0.385323,-0.948480,-0.164851,0.270572,0.005647,0.005647
2,0.478516,0.368804,0.779241,0.203901,-0.834219,0.512350,-0.961354,-0.140497,0.236767,0.002946,0.008593
3,0.474693,0.368242,0.780189,0.257643,-0.823353,0.505677,-0.952172,-0.196556,0.233955,0.003978,0.012571
4,0.470744,0.367200,0.781151,0.326025,-0.868734,0.372839,-0.938703,-0.250531,0.236793,0.004196,0.016767
5,0.466879,0.366157,0.782160,0.344309,-0.853873,0.390322,-0.953077,-0.191935,0.234105,0.004129,0.020896
6,0.463097,0.364946,0.783100,0.406599,-0.827341,0.387536,-0.957739,-0.183710,0.221332,0.004081,0.024977
7,0.459446,0.363751,0.783849,0.296700,-0.912140,0.282790,-0.961373,-0.176193,0.211465,0.003914,0.028891
8,0.455465,0.362645,0.785148,0.213335,-0.907574,0.361659,-0.964398,-0.168670,0.203682,0.004331,0.033221
9,0.451471,0.361956,0.786599,0.187365,-0.909496,0.371096,-0.968573,-0.153860,0.195429,0.004305,0.037527
10,0.447300,0.360717,0.788041,0.163339,-0.910861,0.379014,-0.973532,-0.131846,0.186689,0.004584,0.042111
11,0.442850,0.359704,0.789173,0.142225,-0.911959,0.384841,-0.978508,-0.105736,0.177036,0.004702,0.046813
12,0.437736,0.358015,0.790449,0.126588,-0.912840,0.388200,-0.982701,-0.082838,0.165641,0.005534,0.052347
13,0.432339,0.357207,0.791107,0.117886,-0.916895,0.381321,-0.986349,-0.060390,0.153193,0.005497,0.057844
14,0.427599,0.356800,0.791378,0.106478,-0.921051,0.374603,-0.989182,-0.039021,0.141407,0.004765,0.062609
15,0.421259,0.356707,0.791672,0.086890,-0.923127,0.374548,-0.991502,-0.017405,0.128919,0.006347,0.068956
16,0.416429,0.358299,0.791264,0.067575,-0.924397,0.375399,-0.993283,0.003503,0.115655,0.005103,0.074059
17,0.411655,0.357972,0.791465,0.042562,-0.925700,0.375857,-0.994473,0.023445,0.102341,0.004789,0.078848
18,0.406712,0.358824,0.791723,0.022906,-0.922701,0.384835,-0.995079,0.042370,0.089569,0.005023,0.083871
19,0.403485,0.360107,0.792094,0.004202,-0.920665,0.390331,-0.995189,0.059431,0.077884,0.003492,0.087363
20,0.399520,0.361047,0.792372,-0.017039,-0.913822,0.405758,-0.994799,0.075508,0.068369,0.004084,0.091447
21,0.395143,0.361994,0.792754,-0.043251,-0.905774,0.421549,-0.993998,0.091354,0.060182,0.004495,0.095942
22,0.391487,0.362351,0.792754,-0.075662,-0.899972,0.429332,-0.993112,0.105337,0.051307,0.003674,0.099616
23,0.387417,0.362924,0.793591,-0.103164,-0.897335,0.429124,-0.992211,0.117347,0.041808,0.004194,0.103810
24,0.383642,0.363100,0.794322,-0.123855,-0.894306,0.429972,-0.991174,0.128418,0.032918,0.003849,0.107659
25,0.379598,0.363314,0.794584,-0.145006,-0.886356,0.439712,-0.989890,0.139499,0.025638,0.004058,0.111717
26,0.375586,0.363596,0.794688,-0.145720,-0.880898,0.450316,-0.988309,0.151165,0.019876,0.004023,0.115741
27,0.371297,0.363965,0.794569,-0.148005,-0.876109,0.458833,-0.986385,0.163785,0.014811,0.004306,0.120047
28,0.366929,0.364237,0.794169,-0.171917,-0.867864,0.466108,-0.983999,0.177906,0.009811,0.004395,0.124442
29,0.362798,0.364237,0.793288,-0.177888,-0.862786,0.473240,-0.981065,0.193619,0.004794,0.004224,0.128666
30,0.357568,0.364753,0.792754,-0.191801,-0.862822,0.467707,-0.977378,0.211499,-0.000417,0.005282,0.133948
31,0.353157,0.365566,0.792754,-0.210339,-0.859790,0.465316,-0.973015,0.230636,-0.007047,0.004485,0.138434
32,0.349077,0.366394,0.792754,-0.231994,-0.854901,0.464029,-0.968069,0.250268,-0.014412,0.004163,0.142596
33,0.345087,0.367287,0.792754,-0.253431,-0.856145,0.450320,-0.962144,0.271825,-0.019765,0.004089,0.146685
34,0.340741,0.369590,0.794986,-0.282428,-0.852670,0.439531,-0.955214,0.295045,-0.022697,0.005402,0.152087
35,0.337652,0.370733,0.795024,-0.306429,-0.850291,0.427910,-0.947714,0.318190,-0.024369,0.003294,0.155381
36,0.334810,0.371088,0.793837,-0.325901,-0.848644,0.416643,-0.940090,0.339956,-0.025704,0.003101,0.158481
37,0.330887,0.372157,0.792754,-0.341000,-0.846892,0.408035,-0.932850,0.359204,-0.027637,0.004208,0.162689
38,0.327953,0.373571,0.792754,-0.349388,-0.847174,0.400281,-0.926398,0.375364,-0.029806,0.003256,0.165945
39,0.324856,0.375317,0.792754,-0.357211,-0.848979,0.389404,-0.920701,0.389085,-0.030388,0.003556,0.169501
40,0.321627,0.377248,0.792754,-0.366625,-0.851557,0.374749,-0.915487,0.401051,-0.032280,0.003762,0.173264
41,0.318759,0.379134,0.792754,-0.373794,-0.858022,0.352244,-0.910919,0.410905,-0.037187,0.003433,0.176696
42,0.316018,0.381018,0.792718,-0.379836,-0.864265,0.329804,-0.907408,0.417709,-0.046149,0.003326,0.180023
43,0.312926,0.383136,0.792707,-0.395867,-0.865652,0.306491,-0.905478,0.420245,-0.059197,0.003747,0.183770
44,0.309417,0.385255,0.792515,-0.414553,-0.861445,0.293356,-0.905589,0.417440,-0.075185,0.004104,0.187874
45,0.305434,0.387737,0.792211,-0.430320,-0.857297,0.282608,-0.907893,0.408858,-0.092551,0.004702,0.192576
46,0.301222,0.389904,0.791912,-0.438840,-0.853511,0.280958,-0.912036,0.394819,-0.110947,0.004746,0.197322
47,0.296954,0.391726,0.791842,-0.433740,-0.852167,0.292714,-0.917504,0.375967,-0.129748,0.004641,0.201964
48,0.292508,0.393485,0.791823,-0.414810,-0.855494,0.309939,-0.923669,0.354096,-0.146465,0.004781,0.206745
49,0.288317,0.394719,0.791886,-0.394472,-0.858172,0.328530,-0.930203,0.329971,-0.160753,0.004370,0.211115
50,0.284875,0.395831,0.791927,-0.369233,-0.860539,0.350913,-0.936821,0.302960,-0.174877,0.003617,0.214732
51,0.282153,0.396717,0.792031,-0.343751,-0.861694,0.373254,-0.943821,0.272925,-0.186314,0.002864,0.217596
52,0.280285,0.397314,0.792041,-0.315054,-0.863849,0.393073,-0.951059,0.241102,-0.193281,0.001961,0.219557
53,0.278852,0.397818,0.791940,-0.286819,-0.864606,0.412542,-0.958240,0.208837,-0.195354,0.001522,0.221080
54,0.274401,0.399986,0.787185,-0.259087,-0.857037,0.445377,-0.964990,0.177242,-0.193340,0.006865,0.227944
55,0.270094,0.401881,0.782390,-0.223649,-0.849956,0.477027,-0.970823,0.147929,-0.188733,0.006718,0.234663
56,0.263794,0.403740,0.776151,-0.197703,-0.840791,0.503969,-0.975532,0.121620,-0.183155,0.009059,0.243721
57,0.253771,0.403619,0.769611,-0.175992,-0.829788,0.529602,-0.979938,0.098072,-0.173506,0.011969,0.255690
58,0.244072,0.400604,0.767937,-0.155535,-0.822169,0.547583,-0.984110,0.076816,-0.160085,0.010294,0.265984
59,0.236028,0.397948,0.766560,-0.144890,-0.812584,0.564548,-0.987905,0.056829,-0.144272,0.008582,0.274566
60,0.227774,0.395365,0.765437,-0.130004,-0.801079,0.584271,-0.991211,0.038446,-0.126583,0.008722,0.283288
61,0.223746,0.395123,0.765775,-0.114144,-0.787420,0.605756,-0.993887,0.022509,-0.108084,0.004049,0.287337
62,0.219767,0.395133,0.766260,-0.097168,-0.771029,0.629343,-0.995926,0.008881,-0.089739,0.004009,0.291346
63,0.215939,0.395267,0.766787,-0.079088,-0.754350,0.651691,-0.997438,-0.003173,-0.071471,0.003867,0.295213
64,0.212577,0.395391,0.767162,-0.051855,-0.739111,0.671584,-0.998484,-0.013558,-0.053345,0.003384,0.298597
65,0.208745,0.395750,0.767952,-0.021334,-0.726845,0.686470,-0.999097,-0.022712,-0.035898,0.003929,0.302526
66,0.205509,0.396119,0.768720,0.026070,-0.711482,0.702220,-0.999339,-0.031109,-0.018819,0.003347,0.305873
67,0.201531,0.396456,0.769002,0.050160,-0.705694,0.706739,-0.999248,-0.038726,-0.001823,0.004002,0.309875
68,0.197653,0.396725,0.769463,0.069990,-0.706592,0.704151,-0.998896,-0.045535,0.011518,0.003914,0.313789
69,0.194160,0.397009,0.769535,0.070978,-0.703214,0.707426,-0.998442,-0.051738,0.020904,0.003505,0.317295
70,0.189798,0.396900,0.769150,0.077699,-0.700564,0.709347,-0.997985,-0.057034,0.027792,0.004381,0.321675
71,0.185007,0.396612,0.768943,0.075412,-0.704119,0.706066,-0.997538,-0.061917,0.032929,0.004803,0.326479
72,0.179117,0.396055,0.768067,0.083716,-0.707404,0.701834,-0.997032,-0.069261,0.033614,0.005981,0.332460
73,0.173234,0.395179,0.767567,0.096128,-0.709526,0.698092,-0.996385,-0.078952,0.031363,0.005969,0.338429
74,0.168559,0.394611,0.767301,0.105868,-0.711772,0.694386,-0.995607,-0.089688,0.026875,0.004716,0.343145
75,0.164150,0.394143,0.766984,0.116398,-0.714440,0.689947,-0.994587,-0.101628,0.021632,0.004445,0.347590
76,0.158574,0.392464,0.767128,0.126192,-0.717033,0.685521,-0.993290,-0.114458,0.016585,0.005826,0.353416
77,0.153703,0.391388,0.767603,0.137045,-0.717143,0.683319,-0.991536,-0.129523,0.008918,0.005011,0.358427
78,0.148839,0.391192,0.767607,0.142213,-0.717412,0.681979,-0.988147,-0.153425,-0.005180,0.004868,0.363295
79,0.145017,0.390914,0.768095,0.153066,-0.708541,0.688869,-0.982958,-0.181023,-0.032014,0.003863,0.367158
80,0.140652,0.390388,0.768592,0.161935,-0.699611,0.695932,-0.973122,-0.219425,-0.069909,0.004424,0.371582
81,0.136162,0.389643,0.769045,0.162348,-0.700442,0.695000,-0.950197,-0.280864,-0.135060,0.004574,0.376157
82,0.131208,0.388584,0.769435,0.163791,-0.701062,0.694035,-0.877091,-0.397547,-0.269569,0.005081,0.381238
83,0.128422,0.388191,0.770216,0.174429,-0.696720,0.695813,-0.509854,-0.635660,-0.579642,0.002920,0.384157
84,0.130995,0.388144,0.769015,0.156853,-0.707527,0.689059,0.551058,-0.530117,-0.644447,0.002840,0.386997
85,0.135379,0.389119,0.768523,0.156684,-0.706633,0.690014,0.882654,-0.245943,-0.400542,0.004518,0.391516
86,0.140375,0.389775,0.768212,0.145104,-0.707055,0.692111,0.949698,-0.128807,-0.285453,0.005048,0.396564
87,0.144811,0.390393,0.767722,0.138469,-0.714170,0.686140,0.971828,-0.070995,-0.224745,0.004505,0.401069
88,0.149274,0.390294,0.766515,0.125054,-0.717257,0.685495,0.982200,-0.035223,-0.184507,0.004625,0.405693
89,0.153612,0.389912,0.765872,0.123721,-0.714690,0.688412,0.988304,-0.003070,-0.152468,0.004402,0.410095
90,0.158209,0.390471,0.765288,0.107381,-0.710471,0.695486,0.989393,-0.004115,-0.145208,0.004668,0.414763
91,0.163286,0.391879,0.764577,0.086899,-0.707088,0.701766,0.990263,-0.006683,-0.139051,0.005316,0.420079
92,0.167415,0.391450,0.764181,0.086681,-0.709002,0.699859,0.991036,-0.010124,-0.133208,0.004170,0.424250
93,0.171907,0.391484,0.763973,0.086463,-0.710911,0.697947,0.991581,-0.014952,-0.128624,0.004497,0.428746
94,0.177794,0.390941,0.762846,0.067460,-0.713983,0.696906,0.992024,-0.021421,-0.124214,0.006019,0.434765
95,0.183344,0.390880,0.762441,0.052542,-0.715835,0.696290,0.992534,-0.027590,-0.118810,0.005565,0.440330
96,0.187854,0.390757,0.762153,0.054462,-0.713281,0.698759,0.993133,-0.031839,-0.112574,0.004520,0.444850
97,0.192874,0.390031,0.761320,0.043505,-0.717278,0.695428,0.993623,-0.034353,-0.107392,0.005141,0.449991
98,0.197464,0.388767,0.760815,0.040287,-0.720289,0.692503,0.994060,-0.035259,-0.102967,0.004788,0.454779
99,0.201556,0.387913,0.760024,0.045276,-0.716397,0.696223,0.994528,-0.034562,-0.098590,0.004254,0.459033
100,0.205190,0.387198,0.759301,0.047965,-0.714584,0.697903,0.995196,-0.032547,-0.092336,0.003774,0.462807
101,0.208668,0.387172,0.759645,0.042908,-0.717719,0.695010,0.996030,-0.029781,-0.083888,0.003494,0.466301
102,0.212538,0.387073,0.759576,0.040017,-0.712753,0.700273,0.996889,-0.026514,-0.074222,0.003872,0.470173
103,0.216179,0.387609,0.758696,0.038502,-0.716413,0.696614,0.997718,-0.023558,-0.063272,0.003784,0.473957
104,0.219997,0.387751,0.758543,0.023577,-0.724076,0.689317,0.998446,-0.021144,-0.051561,0.003824,0.477781
105,0.223728,0.387531,0.758566,0.003941,-0.731412,0.681924,0.999052,-0.018410,-0.039459,0.003738,0.481519
106,0.227614,0.387605,0.758209,-0.012106,-0.740602,0.671835,0.999533,-0.016256,-0.025880,0.003903,0.485421
107,0.231713,0.387615,0.757721,-0.023209,-0.748079,0.663204,0.999811,-0.016228,-0.010675,0.004128,0.489550
108,0.235421,0.387337,0.757246,-0.032853,-0.754232,0.655785,0.999825,-0.017976,0.005221,0.003749,0.493298
109,0.240065,0.387485,0.756845,-0.042594,-0.764469,0.643251,0.999527,-0.021947,0.021559,0.004664,0.497962
110,0.244908,0.388342,0.756505,-0.053488,-0.774363,0.630477,0.998841,-0.029124,0.038322,0.004930,0.502892
111,0.250689,0.389391,0.756527,-0.057315,-0.788767,0.612014,0.997691,-0.040005,0.054878,0.005875,0.508767
112,0.256806,0.389957,0.757350,-0.062068,-0.809784,0.583436,0.996018,-0.054795,0.070322,0.006198,0.514965
113,0.262701,0.390624,0.758502,-0.103289,-0.822347,0.559533,0.993760,-0.073965,0.083485,0.006044,0.521009
114,0.268698,0.390486,0.759704,-0.145742,-0.832359,0.534732,0.990835,-0.097337,0.093652,0.006118,0.527127
115,0.274088,0.389390,0.761072,-0.176630,-0.842338,0.509184,0.987107,-0.123899,0.101331,0.005668,0.532795
116,0.278546,0.388309,0.762317,-0.210833,-0.851383,0.480308,0.982459,-0.153240,0.106263,0.004753,0.537548
117,0.283036,0.387337,0.763032,-0.247724,-0.862283,0.441702,0.976890,-0.184955,0.107136,0.004650,0.542197
118,0.286126,0.386646,0.763217,-0.278317,-0.872458,0.401692,0.970495,-0.217657,0.103752,0.003172,0.545369
119,0.289553,0.386090,0.763812,-0.311281,-0.879363,0.360312,0.963216,-0.250872,0.096319,0.003522,0.548891
120,0.294038,0.385283,0.764523,-0.348183,-0.881372,0.319299,0.955117,-0.283813,0.084860,0.004612,0.553503
121,0.298703,0.384656,0.765253,-0.380843,-0.881096,0.280407,0.946490,-0.315103,0.069757,0.004763,0.558266
122,0.303396,0.384182,0.766484,-0.406663,-0.882539,0.236115,0.937571,-0.344024,0.051073,0.004875,0.563141
123,0.308507,0.382136,0.767694,-0.422287,-0.885523,0.193709,0.928798,-0.369396,0.029678,0.005637,0.568779
124,0.312172,0.379597,0.768410,-0.438207,-0.886147,0.150728,0.920840,-0.389880,0.006914,0.004515,0.573293
125,0.315834,0.377008,0.768883,-0.441376,-0.889450,0.118598,0.913815,-0.405781,-0.016854,0.004510,0.577803
126,0.319145,0.374182,0.768632,-0.438630,-0.894316,0.088328,0.908031,-0.416905,-0.040871,0.004361,0.582164
127,0.321791,0.372036,0.767935,-0.423181,-0.904004,0.060785,0.904496,-0.421626,-0.064175,0.003477,0.585641
128,0.324617,0.370141,0.767319,-0.422352,-0.906151,0.022564,0.903549,-0.419686,-0.086383,0.003458,0.589099
129,0.327407,0.368400,0.766455,-0.420009,-0.907375,-0.016203,0.904716,-0.412485,-0.106516,0.003400,0.592499
130,0.330098,0.366375,0.765563,-0.400122,-0.915391,-0.044291,0.907719,-0.400893,-0.123819,0.003484,0.595983
131,0.332893,0.364256,0.764638,-0.392297,-0.917150,-0.070274,0.912282,-0.385468,-0.138404,0.003628,0.599610
132,0.336231,0.362581,0.763671,-0.386862,-0.917489,-0.092476,0.918064,-0.366867,-0.150223,0.003858,0.603469
133,0.339776,0.360950,0.762728,-0.380434,-0.919119,-0.102420,0.924896,-0.345530,-0.158673,0.004014,0.607483
134,0.343940,0.358912,0.761694,-0.355507,-0.928553,-0.106786,0.932456,-0.321974,-0.163885,0.004750,0.612233
135,0.348161,0.357086,0.760497,-0.335193,-0.935480,-0.111905,0.940346,-0.296891,-0.166147,0.004752,0.616985
136,0.352229,0.355848,0.759289,-0.313403,-0.942730,-0.114184,0.948464,-0.270465,-0.165121,0.004421,0.621405
137,0.357789,0.355289,0.758614,-0.290791,-0.950108,-0.112851,0.956434,-0.243559,-0.160977,0.005629,0.627035
138,0.362366,0.355365,0.757953,-0.261128,-0.958945,-0.110616,0.963732,-0.217965,-0.153985,0.004625,0.631660
139,0.367051,0.354575,0.757233,-0.243013,-0.964899,-0.099568,0.970227,-0.194421,-0.144432,0.004805,0.636464
140,0.372062,0.354836,0.756908,-0.221466,-0.971077,-0.089236,0.975735,-0.173410,-0.133680,0.005028,0.641493
141,0.376016,0.355376,0.756397,-0.195000,-0.977419,-0.081404,0.980149,-0.155799,-0.122614,0.004023,0.645516
142,0.380064,0.355110,0.755956,-0.171702,-0.982540,-0.071645,0.983769,-0.140797,-0.111242,0.004081,0.649597
143,0.384197,0.354895,0.755764,-0.152635,-0.986524,-0.058928,0.986762,-0.127521,-0.100196,0.004143,0.653739
144,0.387471,0.354799,0.755155,-0.131117,-0.990290,-0.046206,0.989140,-0.116276,-0.089900,0.003332,0.657071
145,0.391654,0.354260,0.754722,-0.112341,-0.993234,-0.029422,0.991030,-0.106854,-0.080256,0.004240,0.661311
146,0.395475,0.353482,0.754548,-0.096410,-0.995271,-0.011823,0.992544,-0.098639,-0.071605,0.003903,0.665214
147,0.399227,0.352585,0.754419,-0.076486,-0.997048,0.006786,0.993809,-0.091099,-0.063597,0.003860,0.669074
148,0.403341,0.351819,0.754272,-0.074108,-0.996916,0.025822,0.994934,-0.083659,-0.055739,0.004187,0.673261
149,0.407532,0.351363,0.754275,-0.060600,-0.996575,0.056260,0.995935,-0.075932,-0.048449,0.004215,0.677477
150,0.412031,0.350586,0.754210,-0.045508,-0.995209,0.086534,0.996846,-0.067222,-0.042193,0.004566,0.682043
151,0.416808,0.349955,0.754159,-0.047024,-0.992830,0.109893,0.997712,-0.056669,-0.036876,0.004819,0.686862
152,0.421002,0.349501,0.754083,-0.036601,-0.990306,0.133991,0.998498,-0.044048,-0.032584,0.004219,0.691081
153,0.425735,0.349073,0.753709,-0.025369,-0.987163,0.157689,0.999113,-0.029754,-0.029801,0.004767,0.695848
154,0.430667,0.348827,0.753421,-0.008447,-0.982196,0.187667,0.999428,-0.015090,-0.030275,0.004947,0.700795
155,0.435513,0.348558,0.753221,0.004444,-0.974583,0.223982,0.999363,-0.001203,-0.035679,0.004857,0.705652
156,0.440350,0.348514,0.753163,0.027925,-0.965343,0.259488,0.998839,0.010662,-0.046972,0.004838,0.710490
157,0.445075,0.348718,0.753100,0.052982,-0.954581,0.293203,0.997702,0.020032,-0.064719,0.004731,0.715220
158,0.449810,0.349148,0.753185,0.080855,-0.943604,0.321051,0.995563,0.026976,-0.090147,0.004755,0.719976
159,0.454637,0.349681,0.753133,0.096692,-0.932058,0.349169,0.991784,0.031031,-0.124100,0.004856,0.724832
160,0.459294,0.350110,0.753095,0.120489,-0.927007,0.355162,0.985603,0.032241,-0.165976,0.004677,0.729509
161,0.464211,0.350878,0.753307,0.143062,-0.921531,0.360991,0.976089,0.030258,-0.215256,0.004981,0.734489
162,0.468773,0.351816,0.753635,0.168394,-0.913258,0.370950,0.961992,0.024529,-0.271972,0.004670,0.739159
163,0.473607,0.352667,0.753760,0.187375,-0.909539,0.370985,0.941894,0.015566,-0.335550,0.004910,0.744069
164,0.478315,0.353845,0.753500,0.203072,-0.906088,0.371169,0.913836,0.002861,-0.406074,0.004860,0.748929
165,0.482087,0.354828,0.752994,0.216343,-0.902889,0.371466,0.876071,-0.013628,-0.481989,0.003930,0.752859
166,0.485442,0.355549,0.752564,0.233819,-0.901018,0.365370,0.827317,-0.032749,-0.560780,0.003458,0.756318
167,0.488114,0.356148,0.751954,0.248214,-0.899546,0.359453,0.766290,-0.053962,-0.640225,0.002806,0.759123
168,0.489807,0.355441,0.749937,0.261757,-0.899859,0.348908,0.692117,-0.078009,-0.717558,0.002727,0.761850
169,0.491103,0.354417,0.747617,0.275273,-0.899907,0.338221,0.604261,-0.104541,-0.789898,0.002848,0.764698
170,0.491449,0.352252,0.743461,0.289228,-0.901162,0.322884,0.502485,-0.132735,-0.854336,0.004699,0.769397
171,0.491449,0.350927,0.739094,0.292201,-0.908137,0.299842,0.387006,-0.162670,-0.907615,0.004563,0.773960
172,0.491449,0.349256,0.734578,0.301190,-0.916097,0.264671,0.259091,-0.191579,-0.946662,0.004815,0.778775
173,0.493015,0.347794,0.727969,0.298298,-0.926926,0.227656,0.121700,-0.216823,-0.968595,0.006947,0.785723
174,0.495576,0.347640,0.722847,0.315865,-0.930232,0.186809,-0.021898,-0.238724,-0.970841,0.005729,0.791452
175,0.496773,0.347140,0.718032,0.289274,-0.940983,0.175704,-0.167348,-0.255419,-0.952237,0.004986,0.796438
176,0.497679,0.346916,0.713443,0.287075,-0.948292,0.135392,-0.309819,-0.264786,-0.913181,0.004683,0.801121
177,0.497919,0.346760,0.710889,0.273489,-0.956875,0.097951,-0.445243,-0.266987,-0.854679,0.002571,0.803692
178,0.497197,0.346424,0.709102,0.254364,-0.964573,0.069985,-0.569113,-0.262177,-0.779341,0.001956,0.805648
179,0.494944,0.345553,0.706170,0.231154,-0.971780,0.047035,-0.678041,-0.249714,-0.691306,0.003798,0.809446
180,0.492216,0.344512,0.704050,0.206587,-0.978157,0.023023,-0.770089,-0.230670,-0.594772,0.003609,0.813055
181,0.489048,0.343743,0.702558,0.185111,-0.982659,0.010738,-0.844730,-0.205960,-0.493975,0.003585,0.816640
182,0.485232,0.342542,0.702678,0.162617,-0.986689,-0.001075,-0.902551,-0.175611,-0.393144,0.004003,0.820643
183,0.480298,0.342056,0.703106,0.128745,-0.991523,-0.017517,-0.944925,-0.142187,-0.294788,0.004976,0.825619
184,0.475881,0.341103,0.702984,0.100228,-0.994648,-0.025105,-0.973648,-0.107522,-0.201116,0.004521,0.830140
185,0.469070,0.338837,0.705181,0.068672,-0.997107,-0.032587,-0.990761,-0.070910,-0.115609,0.007507,0.837646
186,0.465040,0.339412,0.706666,0.036572,-0.998648,-0.036938,-0.998575,-0.034298,-0.040876,0.004333,0.841980
187,0.459737,0.338536,0.708867,-0.002164,-0.999294,-0.037516,-0.999742,0.000705,0.022700,0.005808,0.847787
188,0.453934,0.338387,0.711278,-0.040841,-0.998423,-0.038521,-0.996608,0.035122,0.074427,0.006285,0.854072
189,0.448749,0.338799,0.712130,-0.075719,-0.996483,-0.035904,-0.990976,0.068680,0.115110,0.005271,0.859343
190,0.442986,0.339520,0.713192,-0.107603,-0.993733,-0.030286,-0.984166,0.100447,0.146037,0.005904,0.865248
191,0.437057,0.340389,0.714559,-0.139123,-0.989967,-0.024681,-0.977103,0.130510,0.168041,0.006146,0.871394
192,0.431819,0.341201,0.715012,-0.155788,-0.987740,-0.009981,-0.970400,0.157996,0.182652,0.005320,0.876714
193,0.426852,0.342324,0.715658,-0.178379,-0.983853,0.014626,-0.964401,0.181958,0.191892,0.005133,0.881847
194,0.421825,0.343631,0.716363,-0.180478,-0.982770,0.039876,-0.959524,0.201783,0.196460,0.005242,0.887089
195,0.416922,0.345516,0.717060,-0.200762,-0.976922,0.072918,-0.956001,0.216983,0.197434,0.005299,0.892388
196,0.412556,0.347267,0.717780,-0.191313,-0.979003,0.070380,-0.953840,0.226843,0.196805,0.004758,0.897146
197,0.408602,0.348985,0.718608,-0.197855,-0.976381,0.086791,-0.952844,0.231677,0.195997,0.004390,0.901537
198,0.405328,0.350769,0.719409,-0.198279,-0.974866,0.101602,-0.953053,0.231815,0.194812,0.003813,0.905350
199,0.402105,0.352522,0.720179,-0.189741,-0.975927,0.107542,-0.954441,0.226978,0.193711,0.003749,0.909099
200,0.398728,0.353778,0.720778,-0.177553,-0.977537,0.113561,-0.956560,0.218409,0.193108,0.003653,0.912752
201,0.395840,0.354738,0.721422,-0.164843,-0.978781,0.121717,-0.959075,0.207177,0.193011,0.003110,0.915862
202,0.392828,0.355514,0.722314,-0.152183,-0.979644,0.130909,-0.961826,0.193583,0.193431,0.003236,0.919098
203,0.389428,0.356331,0.723130,-0.143937,-0.978948,0.144716,-0.964588,0.178981,0.193740,0.003591,0.922689
204,0.385896,0.356689,0.723937,-0.137413,-0.977736,0.158586,-0.967282,0.164528,0.193122,0.003641,0.926329
205,0.382313,0.356966,0.724654,-0.128793,-0.976854,0.170786,-0.969798,0.151229,0.191365,0.003665,0.929995
206,0.378671,0.357316,0.725371,-0.120210,-0.974490,0.189524,-0.972133,0.139825,0.188166,0.003728,0.933722
207,0.374955,0.357597,0.726072,-0.117624,-0.971198,0.207217,-0.974286,0.131003,0.183316,0.003792,0.937515
208,0.371030,0.357541,0.726821,-0.109809,-0.968223,0.224690,-0.976171,0.125425,0.177086,0.003996,0.941511
209,0.367038,0.357351,0.727454,-0.105983,-0.964442,0.242114,-0.977731,0.123421,0.169732,0.004046,0.945557
210,0.362973,0.356921,0.728297,-0.104201,-0.960451,0.258218,-0.978960,0.124951,0.161320,0.004174,0.949730
211,0.358627,0.356416,0.729174,-0.106467,-0.956453,0.271776,-0.979811,0.129751,0.152105,0.004463,0.954193
212,0.354264,0.356039,0.729997,-0.107858,-0.953417,0.281715,-0.980165,0.137718,0.142511,0.004455,0.958648
213,0.349605,0.356111,0.730954,-0.112163,-0.950316,0.290376,-0.979963,0.148637,0.132591,0.004757,0.963405
214,0.344850,0.356593,0.731706,-0.116395,-0.947234,0.298663,-0.979276,0.161450,0.122281,0.004838,0.968243
215,0.340245,0.357308,0.732374,-0.126389,-0.944008,0.304754,-0.978239,0.174730,0.111881,0.004708,0.972952
216,0.335727,0.358471,0.732949,-0.133023,-0.942950,0.305206,-0.977058,0.187069,0.101804,0.004700,0.977652
217,0.331473,0.359965,0.733131,-0.134738,-0.941358,0.309340,-0.976002,0.197163,0.092446,0.004513,0.982165
218,0.327559,0.361468,0.733254,-0.139206,-0.938336,0.316460,-0.975256,0.204564,0.083840,0.004194,0.986359
219,0.323774,0.363216,0.733298,-0.140430,-0.935078,0.325437,-0.974959,0.209115,0.075674,0.004169,0.990529
220,0.320057,0.364830,0.733241,-0.133423,-0.932766,0.334883,-0.975260,0.210275,0.068211,0.004053,0.994581
221,0.316393,0.366250,0.733269,-0.132280,-0.926581,0.352065,-0.976218,0.207749,0.061953,0.003929,0.998511
222,0.312609,0.367560,0.733452,-0.135100,-0.919883,0.368188,-0.977861,0.201337,0.057016,0.004008,1.002519
223,0.308777,0.368987,0.733635,-0.135541,-0.911550,0.388207,-0.980082,0.191304,0.053309,0.004093,1.006612
224,0.304726,0.370335,0.733805,-0.130135,-0.903789,0.407713,-0.982683,0.178174,0.050881,0.004273,1.010885
225,0.300543,0.371594,0.734002,-0.119219,-0.895426,0.428952,-0.985473,0.162312,0.049975,0.004373,1.015258
226,0.296133,0.372522,0.734211,-0.115126,-0.888315,0.444570,-0.988248,0.144216,0.050678,0.004511,1.019770
227,0.291277,0.373505,0.734363,-0.107649,-0.882421,0.457979,-0.990786,0.124604,0.053067,0.004957,1.024726
228,0.286552,0.373822,0.734473,-0.089360,-0.877848,0.470529,-0.992879,0.104732,0.056773,0.004736,1.029463
229,0.281924,0.373673,0.734682,-0.070775,-0.874204,0.480374,-0.994472,0.085284,0.061252,0.004636,1.034098
230,0.277160,0.373019,0.734836,-0.045082,-0.870389,0.490297,-0.995584,0.066571,0.066192,0.004811,1.038910
231,0.272818,0.371949,0.735277,-0.023198,-0.864472,0.502146,-0.996236,0.049440,0.071202,0.004493,1.043403
232,0.268344,0.371598,0.735381,-0.006182,-0.860827,0.508861,-0.996518,0.034586,0.075871,0.004489,1.047891
233,0.264065,0.371332,0.735550,0.005143,-0.854974,0.518646,-0.996541,0.022768,0.079927,0.004291,1.052182
234,0.260365,0.370913,0.735873,0.015779,-0.847857,0.529990,-0.996411,0.014305,0.083427,0.003738,1.055920
235,0.256341,0.370645,0.736389,0.034249,-0.840326,0.540999,-0.996202,0.008596,0.086648,0.004066,1.059986
236,0.252085,0.370457,0.736841,0.040820,-0.825804,0.562478,-0.995938,0.004968,0.089900,0.004284,1.064270
237,0.247907,0.370806,0.737202,0.051461,-0.806450,0.589059,-0.995644,0.003469,0.093167,0.004209,1.068478
238,0.243747,0.371175,0.737583,0.062701,-0.787777,0.612761,-0.995384,0.004620,0.095861,0.004193,1.072671
239,0.239713,0.371461,0.738305,0.062242,-0.776456,0.627090,-0.995179,0.008153,0.097741,0.004108,1.076780
240,0.235715,0.371518,0.739106,0.071355,-0.765585,0.639365,-0.994980,0.013000,0.099230,0.004078,1.080858
241,0.231672,0.371517,0.739967,0.053169,-0.765040,0.641784,-0.994763,0.018369,0.100543,0.004133,1.084991
242,0.227359,0.371745,0.740623,0.041117,-0.769112,0.637790,-0.994557,0.023951,0.101402,0.004368,1.089359
243,0.223370,0.371963,0.740862,0.038308,-0.766803,0.640738,-0.994402,0.029180,0.101556,0.004002,1.093361
244,0.219340,0.372324,0.740836,0.032075,-0.765098,0.643115,-0.994300,0.033359,0.101263,0.004047,1.097409
245,0.215249,0.372383,0.741041,0.023112,-0.766154,0.642242,-0.994246,0.035958,0.100906,0.004096,1.101505
246,0.211232,0.372332,0.741210,0.023344,-0.768765,0.639105,-0.994238,0.037061,0.100584,0.004021,1.105525
247,0.206531,0.372587,0.741229,0.030204,-0.766071,0.642046,-0.994249,0.036965,0.100513,0.004709,1.110234
248,0.202144,0.372654,0.741745,0.038124,-0.766357,0.641282,-0.994270,0.035879,0.100701,0.004417,1.114651
249,0.198407,0.372997,0.742050,0.042731,-0.767547,0.639567,-0.994259,0.033743,0.101544,0.003766,1.118416
250,0.194027,0.373029,0.742908,0.052183,-0.762117,0.645333,-0.994128,0.030505,0.103818,0.004463,1.122880
251,0.189927,0.373087,0.743807,0.047678,-0.763684,0.643827,-0.993872,0.026885,0.107217,0.004198,1.127077
252,0.185854,0.373669,0.744224,0.051481,-0.764901,0.642087,-0.993521,0.022928,0.111312,0.004135,1.131213
253,0.181206,0.374079,0.744664,0.061352,-0.762436,0.644149,-0.993090,0.018240,0.115931,0.004686,1.135899
254,0.177120,0.374281,0.744947,0.071290,-0.757230,0.649246,-0.992552,0.012863,0.121138,0.004101,1.140000
255,0.172585,0.374533,0.745036,0.083934,-0.755000,0.650331,-0.991878,0.006326,0.127034,0.004543,1.144543
256,0.167708,0.374621,0.745353,0.086216,-0.754651,0.650437,-0.991116,-0.001889,0.132988,0.004888,1.149431
257,0.162924,0.374139,0.745689,0.106398,-0.759747,0.641455,-0.990358,-0.012277,0.137984,0.004821,1.154251
258,0.158408,0.373870,0.746309,0.119056,-0.769544,0.627398,-0.989738,-0.025343,0.140629,0.004567,1.158818
259,0.153568,0.373695,0.747198,0.123276,-0.774395,0.620577,-0.989288,-0.041801,0.139862,0.004923,1.163741
260,0.149063,0.373713,0.747738,0.137512,-0.771616,0.621047,-0.988919,-0.062511,0.134655,0.004538,1.168279
261,0.144911,0.373378,0.748811,0.135729,-0.770150,0.623254,-0.988510,-0.087536,0.123233,0.004301,1.172580
262,0.140544,0.373388,0.749578,0.147999,-0.758536,0.634601,-0.987577,-0.117354,0.104497,0.004434,1.177014
263,0.136468,0.373119,0.750695,0.160151,-0.746664,0.645635,-0.985232,-0.152279,0.078284,0.004235,1.181249
264,0.132132,0.373252,0.751918,0.167942,-0.742565,0.648378,-0.980351,-0.192314,0.043898,0.004507,1.185756
265,0.127654,0.373256,0.753010,0.178895,-0.744750,0.642919,-0.971318,-0.237785,0.000232,0.004609,1.190365
266,0.123441,0.372850,0.753554,0.191717,-0.746691,0.636944,-0.955940,-0.288566,-0.053923,0.004267,1.194632
267,0.119145,0.372101,0.754301,0.196574,-0.746674,0.635481,-0.931246,-0.344351,-0.119178,0.004425,1.199057
268,0.115090,0.371115,0.755219,0.202246,-0.747661,0.632534,-0.893602,-0.404471,-0.194623,0.004273,1.203330
269,0.111298,0.370258,0.755809,0.202128,-0.752592,0.626698,-0.839357,-0.466709,-0.278679,0.003932,1.207262
270,0.108032,0.369116,0.755852,0.200122,-0.755671,0.623629,-0.765006,-0.527855,-0.368963,0.003460,1.210722
271,0.105801,0.367873,0.755431,0.193327,-0.763826,0.615788,-0.668069,-0.583191,-0.462138,0.002589,1.213311
272,0.104029,0.366502,0.754547,0.196897,-0.764203,0.614187,-0.547814,-0.627784,-0.552980,0.002409,1.215719
273,0.102895,0.365133,0.753505,0.187510,-0.762859,0.618778,-0.406004,-0.657520,-0.634687,0.002061,1.217780
274,0.102486,0.363487,0.751943,0.184941,-0.756414,0.627403,-0.247173,-0.669052,-0.700910,0.002305,1.220085
275,0.102435,0.361852,0.749609,0.194356,-0.755757,0.625346,-0.078389,-0.660855,-0.746408,0.002850,1.222936
276,0.102808,0.360063,0.746902,0.198166,-0.755125,0.624913,0.091541,-0.633259,-0.768507,0.003266,1.226202
277,0.103280,0.358280,0.744215,0.202111,-0.747483,0.632787,0.253684,-0.588193,-0.767902,0.003260,1.229462
278,0.104324,0.356727,0.741723,0.191760,-0.741867,0.642543,0.400820,-0.529829,-0.747412,0.003116,1.232577
279,0.105916,0.355415,0.739358,0.182345,-0.737125,0.650689,0.528718,-0.462905,-0.711461,0.003138,1.235715
280,0.108010,0.354481,0.737397,0.176143,-0.737460,0.652017,0.635937,-0.391967,-0.664791,0.003017,1.238732
281,0.110704,0.353812,0.735902,0.177413,-0.739966,0.648825,0.722825,-0.321098,-0.611899,0.003153,1.241885
282,0.113981,0.353407,0.734651,0.182114,-0.742404,0.644726,0.791172,-0.254116,-0.556302,0.003531,1.245416
283,0.117724,0.353442,0.733714,0.183617,-0.745270,0.640982,0.843777,-0.193340,-0.500659,0.003859,1.249275
284,0.121982,0.353689,0.733133,0.182967,-0.751176,0.634238,0.883402,-0.139784,-0.447282,0.004304,1.253579
285,0.126159,0.354116,0.732225,0.183314,-0.758343,0.625550,0.912584,-0.093662,-0.398017,0.004296,1.257875
286,0.130188,0.354801,0.731184,0.183000,-0.761648,0.621614,0.933535,-0.054571,-0.354308,0.004217,1.262093
287,0.134372,0.355188,0.730208,0.182680,-0.764937,0.617656,0.948245,-0.022436,-0.316746,0.004314,1.266407
288,0.138645,0.355235,0.729543,0.170564,-0.771250,0.613254,0.958728,0.002210,-0.284317,0.004325,1.270731
289,0.142782,0.355323,0.728946,0.161977,-0.774054,0.612050,0.966475,0.019642,-0.256008,0.004181,1.274912
290,0.146953,0.355389,0.728326,0.161939,-0.775756,0.609901,0.972264,0.030949,-0.231829,0.004217,1.279129
291,0.151087,0.355885,0.727203,0.149521,-0.778624,0.609416,0.976561,0.037222,-0.211998,0.004313,1.283442
292,0.155159,0.356463,0.726089,0.136743,-0.781497,0.608740,0.979708,0.039401,-0.196520,0.004261,1.287703
293,0.159302,0.356885,0.725134,0.124321,-0.782681,0.609881,0.981992,0.038242,-0.185010,0.004273,1.291976
294,0.163450,0.357281,0.724223,0.122321,-0.786456,0.605413,0.983737,0.033929,-0.176380,0.004265,1.296241
295,0.167578,0.357647,0.723366,0.113051,-0.794471,0.596687,0.985178,0.027105,-0.169378,0.004232,1.300473
296,0.171673,0.358108,0.722472,0.102502,-0.800105,0.591038,0.986311,0.019319,-0.163760,0.004216,1.304689
297,0.175751,0.358677,0.721532,0.090175,-0.808106,0.582094,0.987200,0.011354,-0.159085,0.004224,1.308912
298,0.180087,0.358444,0.721052,0.079734,-0.820880,0.565507,0.988003,0.003197,-0.154402,0.004369,1.313282
299,0.184242,0.358274,0.720549,0.078717,-0.830224,0.551843,0.988641,-0.004166,-0.150241,0.004188,1.317470
300,0.188338,0.358465,0.719901,0.093363,-0.844539,0.527292,0.989044,-0.009700,-0.147301,0.004151,1.321621
301,0.192711,0.358219,0.719437,0.080825,-0.854181,0.513655,0.989263,-0.013313,-0.145538,0.004404,1.326025
302,0.196815,0.357448,0.719381,0.073213,-0.859291,0.506221,0.989326,-0.015405,-0.144906,0.004177,1.330202
303,0.201011,0.356714,0.719262,0.077735,-0.870685,0.485659,0.989318,-0.016474,-0.144841,0.004262,1.334464
304,0.205231,0.356004,0.719018,0.072287,-0.882841,0.464076,0.989299,-0.016061,-0.145012,0.004286,1.338749
305,0.209434,0.355536,0.718598,0.066151,-0.888839,0.453419,0.989178,-0.013087,-0.146138,0.004250,1.342999
306,0.213761,0.355353,0.718011,0.061122,-0.899155,0.433340,0.988814,-0.006759,-0.149001,0.004370,1.347370
307,0.218108,0.355300,0.717132,0.065299,-0.907862,0.414154,0.988205,0.002534,-0.153117,0.004436,1.351805
308,0.222241,0.355084,0.716518,0.068416,-0.915792,0.395784,0.987349,0.014214,-0.157924,0.004183,1.355989
309,0.226576,0.354908,0.715972,0.081850,-0.922784,0.376525,0.986109,0.028027,-0.163717,0.004373,1.360362
310,0.230908,0.355526,0.714772,0.098736,-0.927611,0.360261,0.984558,0.042698,-0.169774,0.004537,1.364899
311,0.235090,0.355923,0.713898,0.110991,-0.930963,0.347835,0.982837,0.056945,-0.175465,0.004291,1.369190
312,0.239390,0.355637,0.713450,0.129891,-0.936637,0.325329,0.981027,0.069868,-0.180843,0.004333,1.373522
313,0.243609,0.356351,0.712187,0.147716,-0.937406,0.315358,0.979489,0.080056,-0.184913,0.004462,1.377984
314,0.247690,0.356977,0.711379,0.153511,-0.940342,0.303631,0.978466,0.086413,-0.187451,0.004207,1.382191
315,0.252027,0.357233,0.710532,0.144119,-0.943214,0.299293,0.977923,0.088605,-0.189252,0.004426,1.386617
316,0.256196,0.357392,0.709519,0.134968,-0.946094,0.294432,0.977977,0.085905,-0.190215,0.004293,1.390910
317,0.260312,0.358092,0.708732,0.105043,-0.950896,0.291141,0.978684,0.077739,-0.190088,0.004249,1.395159
318,0.264239,0.359272,0.707911,0.084703,-0.954507,0.285905,0.979790,0.064675,-0.189283,0.004182,1.399341
319,0.268271,0.360268,0.707044,0.061901,-0.958495,0.278309,0.981045,0.047392,-0.187893,0.004243,1.403584
320,0.272209,0.361586,0.706107,0.036861,-0.964226,0.262505,0.982246,0.026787,-0.185678,0.004257,1.407841
321,0.276152,0.362942,0.705126,0.005421,-0.965213,0.261410,0.983120,0.003844,-0.182920,0.004284,1.412125
322,0.280246,0.364394,0.704192,-0.005616,-0.970615,0.240570,0.983493,-0.020305,-0.179801,0.004443,1.416568
323,0.284405,0.365073,0.702963,-0.023174,-0.978606,0.204432,0.983385,-0.044815,-0.175913,0.004390,1.420957
324,0.288944,0.365145,0.702304,-0.046447,-0.981522,0.185626,0.982757,-0.068758,-0.171642,0.004587,1.425544
325,0.293291,0.364376,0.701759,-0.048687,-0.984789,0.166797,0.981672,-0.091084,-0.167403,0.004448,1.429992
326,0.297124,0.363186,0.701438,-0.051570,-0.987698,0.147623,0.980357,-0.111703,-0.162551,0.004027,1.434019
327,0.301049,0.361290,0.701448,-0.053417,-0.988033,0.144699,0.978994,-0.129935,-0.157121,0.004358,1.438377
328,0.304520,0.358916,0.701486,-0.068205,-0.987021,0.145390,0.977748,-0.144757,-0.151838,0.004205,1.442583
329,0.307960,0.357016,0.701081,-0.081874,-0.986093,0.144626,0.976787,-0.155991,-0.146810,0.003951,1.446534
330,0.311625,0.355096,0.700262,-0.093733,-0.984886,0.145648,0.976205,-0.163413,-0.142544,0.004218,1.450751
331,0.315946,0.353568,0.699260,-0.114528,-0.983258,0.141727,0.976122,-0.166394,-0.139641,0.004691,1.455442
332,0.320277,0.352260,0.698066,-0.130630,-0.981677,0.138727,0.976653,-0.164683,-0.137943,0.004679,1.460121
333,0.324952,0.351129,0.696900,-0.140325,-0.980189,0.139776,0.977706,-0.159075,-0.137066,0.004950,1.465071
334,0.329807,0.350492,0.696104,-0.148871,-0.980716,0.126625,0.979121,-0.150117,-0.137063,0.004961,1.470032
335,0.334418,0.350283,0.695400,-0.147729,-0.983066,0.108434,0.980814,-0.137736,-0.137959,0.004669,1.474701
336,0.339094,0.350422,0.694956,-0.161117,-0.983440,0.082984,0.982645,-0.122126,-0.139618,0.004699,1.479400
337,0.343672,0.350477,0.694719,-0.152769,-0.986764,0.054393,0.984336,-0.104292,-0.142151,0.004585,1.483985
338,0.347924,0.350419,0.694614,-0.121501,-0.992119,0.030618,0.985683,-0.085273,-0.145459,0.004254,1.488239
339,0.352150,0.350461,0.694457,-0.100136,-0.994823,0.017307,0.986610,-0.066018,-0.149141,0.004229,1.492468
340,0.356442,0.350427,0.694065,-0.078891,-0.996850,0.008188,0.987039,-0.048206,-0.153066,0.004310,1.496777
341,0.360663,0.350341,0.693757,-0.058306,-0.998292,0.003553,0.987016,-0.033286,-0.157133,0.004233,1.501010
342,0.364859,0.350314,0.692933,-0.042901,-0.999046,-0.008160,0.986697,-0.022210,-0.161047,0.004277,1.505287
343,0.369040,0.350390,0.692086,-0.032438,-0.999358,-0.015183,0.986195,-0.015178,-0.164889,0.004267,1.509554
344,0.373158,0.350417,0.691132,-0.028496,-0.999582,-0.004855,0.985475,-0.011914,-0.169401,0.004227,1.513781
345,0.377536,0.350548,0.690056,-0.033572,-0.999434,0.001988,0.984621,-0.012432,-0.174264,0.004511,1.518291
346,0.381875,0.350578,0.689106,-0.045814,-0.998911,0.008850,0.983682,-0.016967,-0.179112,0.004442,1.522733
347,0.385938,0.350421,0.688211,-0.055482,-0.998424,0.008405,0.982612,-0.025310,-0.183936,0.004163,1.526896
348,0.390061,0.350436,0.687303,-0.074620,-0.997183,0.007652,0.981452,-0.036342,-0.188233,0.004221,1.531118
349,0.394443,0.350616,0.686496,-0.093433,-0.995623,0.002399,0.980358,-0.048972,-0.191051,0.004460,1.535577
350,0.398397,0.350666,0.685734,-0.116341,-0.993199,-0.004473,0.979516,-0.062223,-0.191510,0.004027,1.539604
351,0.402366,0.350573,0.685099,-0.130469,-0.991390,-0.011122,0.979093,-0.075086,-0.189047,0.004021,1.543625
352,0.405887,0.350899,0.684406,-0.129786,-0.991322,-0.020885,0.978877,-0.087307,-0.184869,0.003603,1.547228
353,0.409487,0.351283,0.683637,-0.130379,-0.991047,-0.028769,0.978647,-0.098753,-0.180272,0.003701,1.550929
354,0.413046,0.350840,0.682773,-0.130068,-0.990864,-0.035639,0.978378,-0.108708,-0.175949,0.003689,1.554618
355,0.416248,0.350261,0.681919,-0.129238,-0.990786,-0.040513,0.978109,-0.116796,-0.172222,0.003364,1.557982
356,0.419147,0.349715,0.681296,-0.133820,-0.990178,-0.040497,0.977894,-0.121955,-0.169856,0.003015,1.560997
357,0.422113,0.349106,0.680607,-0.102380,-0.994036,-0.037564,0.977849,-0.122047,-0.170049,0.003106,1.564103
358,0.425063,0.348132,0.679712,-0.094653,-0.994856,-0.036095,0.978119,-0.115608,-0.172968,0.003233,1.567336
359,0.429429,0.346424,0.679126,-0.091794,-0.995086,-0.037132,0.978425,-0.103820,-0.178624,0.004725,1.572061
360,0.433760,0.344203,0.678428,-0.078265,-0.994599,-0.068165,0.978004,-0.089004,-0.188645,0.004917,1.576978
361,0.438693,0.342262,0.677802,-0.061952,-0.992886,-0.101686,0.976380,-0.070527,-0.204224,0.005338,1.582316
362,0.444419,0.340797,0.677247,-0.055750,-0.991165,-0.120353,0.972798,-0.047380,-0.226760,0.005937,1.588252
363,0.450627,0.340367,0.678135,-0.054737,-0.991682,-0.116494,0.966539,-0.019168,-0.255804,0.006285,1.594538
364,0.456511,0.340554,0.679020,-0.027554,-0.991680,-0.125740,0.956774,0.013829,-0.290502,0.005954,1.600491
365,0.461887,0.340743,0.680195,0.000021,-0.990114,-0.140263,0.942406,0.050796,-0.330593,0.005506,1.605997
366,0.467813,0.340518,0.678015,0.030492,-0.987742,-0.153088,0.921999,0.090842,-0.376386,0.006318,1.612315
367,0.473924,0.340697,0.676297,0.061636,-0.985033,-0.160967,0.893920,0.131207,-0.428593,0.006351,1.618666
368,0.478424,0.341475,0.673779,0.093742,-0.980976,-0.169998,0.856965,0.168974,-0.486887,0.005215,1.623881
369,0.483280,0.342235,0.671628,0.116547,-0.975549,-0.186336,0.809928,0.203474,-0.550105,0.005365,1.629246
370,0.489550,0.345915,0.667217,0.148590,-0.969059,-0.197094,0.751189,0.235422,-0.616678,0.008504,1.637750
371,0.490702,0.348403,0.665084,0.184405,-0.964225,-0.190435,0.679301,0.266015,-0.683949,0.003474,1.641224
372,0.494012,0.350996,0.662719,0.202373,-0.960627,-0.190370,0.593574,0.293070,-0.749520,0.004823,1.646047
373,0.495178,0.351204,0.661779,0.208508,-0.959179,-0.191051,0.495123,0.310622,-0.811398,0.001513,1.647560
374,0.496501,0.351560,0.660326,0.218791,-0.943399,-0.249257,0.386602,0.314305,-0.867036,0.001997,1.649556
375,0.497462,0.352706,0.658373,0.218202,-0.943511,-0.249349,0.268953,0.304619,-0.913713,0.002460,1.652017
376,0.498043,0.353903,0.655772,0.219901,-0.942896,-0.250181,0.142128,0.286165,-0.947581,0.002921,1.654938
377,0.498300,0.354810,0.652503,0.285273,-0.922590,-0.259706,0.008641,0.262749,-0.964825,0.003402,1.658340
378,0.498300,0.355631,0.649079,0.276055,-0.917239,-0.287170,-0.127608,0.235638,-0.963427,0.003521,1.661861
379,0.498267,0.356920,0.645826,0.269744,-0.911704,-0.309894,-0.262243,0.205253,-0.942921,0.003500,1.665361
380,0.497639,0.357741,0.642897,0.261036,-0.903910,-0.338832,-0.391638,0.172019,-0.903897,0.003106,1.668467
381,0.496659,0.357666,0.640091,0.229049,-0.915004,-0.332120,-0.512519,0.137038,-0.847670,0.002973,1.671440
382,0.494968,0.357560,0.638245,0.208861,-0.927568,-0.309830,-0.621658,0.100634,-0.776797,0.002506,1.673946
383,0.493075,0.357464,0.636883,0.189163,-0.928870,-0.318462,-0.716590,0.063340,-0.694612,0.002334,1.676279
384,0.491103,0.357387,0.635613,0.168261,-0.924121,-0.343058,-0.796935,0.031008,-0.603268,0.002348,1.678627
385,0.489131,0.357502,0.635137,0.130892,-0.926822,-0.351948,-0.863229,0.008402,-0.504743,0.002032,1.680659
386,0.485158,0.357447,0.634090,0.092336,-0.928340,-0.360082,-0.914855,-0.004991,-0.403752,0.004108,1.684767
387,0.484589,0.355769,0.633676,0.057708,-0.928147,-0.367714,-0.952108,-0.013938,-0.305445,0.001820,1.686587
388,0.475328,0.349667,0.630812,0.024034,-0.927544,-0.372941,-0.976726,-0.022136,-0.213346,0.011455,1.698041
389,0.470909,0.349588,0.631199,-0.006364,-0.927114,-0.374726,-0.991200,-0.028492,-0.129271,0.004436,1.702477
390,0.465643,0.349555,0.630947,-0.017028,-0.929085,-0.369475,-0.998141,-0.030074,-0.053012,0.005272,1.707749
391,0.459432,0.350358,0.632972,-0.033043,-0.930710,-0.364263,-0.999527,-0.026962,0.014775,0.006583,1.714332
392,0.453627,0.350644,0.634308,-0.049444,-0.928685,-0.367559,-0.997030,-0.021522,0.073952,0.005963,1.720295
393,0.448619,0.350820,0.635818,-0.055383,-0.928216,-0.367897,-0.992126,-0.015633,0.124266,0.005234,1.725529
394,0.444809,0.351399,0.636999,-0.055579,-0.927885,-0.368700,-0.986120,-0.009541,0.165761,0.004030,1.729559
395,0.440882,0.352021,0.638381,-0.055930,-0.950452,-0.305799,-0.980083,-0.004494,0.198536,0.004209,1.733768
396,0.436787,0.352690,0.639916,-0.052518,-0.950735,-0.305524,-0.974651,-0.000814,0.223729,0.004425,1.738193
397,0.433023,0.353062,0.641185,-0.051336,-0.951139,-0.304465,-0.970150,0.001553,0.242499,0.003989,1.742182
398,0.429348,0.353420,0.642510,-0.092993,-0.952851,-0.288839,-0.966812,0.002359,0.255476,0.003923,1.746105
399,0.425868,0.353598,0.643763,-0.089036,-0.961219,-0.261020,-0.964642,0.002260,0.263555,0.003702,1.749808
400,0.422107,0.353736,0.645145,-0.084983,-0.968795,-0.232837,-0.963506,0.001550,0.267683,0.004010,1.753818
401,0.418403,0.353729,0.646446,-0.078104,-0.976650,-0.200137,-0.963447,-0.001432,0.267894,0.003926,1.757744
402,0.414564,0.353394,0.647557,-0.059969,-0.983156,-0.172651,-0.964310,-0.007568,0.264666,0.004010,1.761754
403,0.410720,0.353382,0.648623,-0.054660,-0.985863,-0.158390,-0.965938,-0.015414,0.258315,0.003989,1.765743
404,0.406814,0.353102,0.649692,-0.040914,-0.990059,-0.134570,-0.968063,-0.022673,0.249678,0.004059,1.769802
405,0.402824,0.352749,0.650642,-0.029128,-0.993414,-0.110817,-0.970383,-0.028482,0.239888,0.004117,1.773919
406,0.398571,0.352360,0.651748,-0.015238,-0.995972,-0.088356,-0.972675,-0.032525,0.229883,0.004412,1.778331
407,0.394503,0.352026,0.652690,-0.003092,-0.997787,-0.066423,-0.974932,-0.035163,0.219709,0.004189,1.782520
408,0.390357,0.351566,0.653548,0.005085,-0.998987,-0.044706,-0.977082,-0.036019,0.209793,0.004259,1.786778
409,0.386229,0.351094,0.654371,0.011000,-0.999500,-0.029634,-0.979113,-0.034651,0.200344,0.004236,1.791014
410,0.382018,0.350920,0.655127,0.012214,-0.999775,-0.017356,-0.980967,-0.031213,0.191647,0.004282,1.795296
411,0.377675,0.350553,0.655825,0.011095,-0.999926,-0.005041,-0.982589,-0.026040,0.183958,0.004413,1.799710
412,0.373282,0.350205,0.656550,0.007056,-0.999943,0.007992,-0.983977,-0.019458,0.177233,0.004466,1.804176
413,0.368977,0.349941,0.657076,0.005029,-0.999892,0.013829,-0.985098,-0.011921,0.171578,0.004345,1.808521
414,0.364573,0.349825,0.657582,0.003003,-0.999802,0.019666,-0.985917,-0.003804,0.167193,0.004434,1.812955
415,0.360117,0.349854,0.658173,-0.003290,-0.999662,0.025777,-0.986441,0.004790,0.164045,0.004495,1.817451
416,0.355708,0.349980,0.658714,-0.006296,-0.999571,0.028607,-0.986706,0.013333,0.161967,0.004444,1.821895
417,0.351222,0.350207,0.659286,-0.013055,-0.999421,0.031425,-0.986736,0.021477,0.160904,0.004528,1.826423
418,0.346866,0.350447,0.659903,-0.020412,-0.999184,0.034861,-0.986558,0.028829,0.160851,0.004406,1.830829
419,0.342603,0.350783,0.660627,-0.027200,-0.998874,0.038864,-0.986217,0.034809,0.161755,0.004337,1.835166
420,0.338357,0.351216,0.661336,-0.029178,-0.998652,0.042932,-0.985744,0.039074,0.163649,0.004327,1.839492
421,0.334207,0.351709,0.662064,-0.031164,-0.998365,0.047927,-0.985179,0.041511,0.166433,0.004241,1.843734
422,0.330073,0.352146,0.662789,-0.030790,-0.997912,0.056773,-0.984575,0.042031,0.169842,0.004220,1.847953
423,0.325959,0.352557,0.663529,-0.024254,-0.997594,0.064942,-0.983954,0.040363,0.173800,0.004201,1.852154
424,0.321889,0.352837,0.664279,-0.021399,-0.996786,0.077199,-0.983311,0.036564,0.178222,0.004147,1.856302
425,0.317808,0.353074,0.665047,-0.008637,-0.995815,0.090987,-0.982640,0.030738,0.182956,0.004160,1.860461
426,0.313703,0.353263,0.665710,0.003016,-0.994085,0.108564,-0.982019,0.022704,0.187412,0.004163,1.864624
427,0.309603,0.353489,0.666490,0.016087,-0.991793,0.126838,-0.981534,0.012652,0.190869,0.004179,1.868803
428,0.305482,0.353636,0.667268,0.031168,-0.988914,0.145180,-0.981210,0.000626,0.192943,0.004197,1.873000
429,0.301416,0.353864,0.668042,0.045585,-0.985648,0.162545,-0.980949,-0.013091,0.193826,0.004146,1.877146
430,0.297404,0.353892,0.668846,0.058127,-0.981854,0.180513,-0.980721,-0.027660,0.193445,0.004091,1.881237
431,0.293347,0.353986,0.669704,0.070289,-0.977011,0.201269,-0.980568,-0.042507,0.191519,0.004149,1.885385
432,0.289414,0.353787,0.670602,0.086080,-0.974871,0.205466,-0.980457,-0.057117,0.188259,0.004039,1.889424
433,0.285425,0.353566,0.671575,0.108884,-0.972579,0.205512,-0.980322,-0.071246,0.184101,0.004112,1.893536
434,0.281542,0.353030,0.672553,0.112401,-0.975454,0.189357,-0.980111,-0.084619,0.179504,0.004040,1.897576
435,0.277585,0.352569,0.673490,0.126277,-0.976744,0.173280,-0.979894,-0.096744,0.174495,0.004093,1.901668
436,0.273638,0.351915,0.674483,0.135395,-0.975206,0.175047,-0.979800,-0.107163,0.168843,0.004123,1.905791
437,0.269535,0.351236,0.675473,0.142846,-0.973629,0.177880,-0.979897,-0.115303,0.162808,0.004275,1.910066
438,0.265454,0.350515,0.676513,0.145161,-0.973687,0.175675,-0.980172,-0.121093,0.156840,0.004273,1.914338
439,0.261709,0.349921,0.677483,0.151423,-0.974151,0.167635,-0.980614,-0.124722,0.151133,0.003914,1.918253
440,0.257309,0.348966,0.677729,0.150407,-0.975634,0.159734,-0.981216,-0.126214,0.145891,0.004509,1.922761
441,0.252824,0.348188,0.677831,0.149042,-0.976402,0.156288,-0.981947,-0.125621,0.141422,0.004553,1.927315
442,0.248883,0.346844,0.677764,0.147671,-0.977304,0.151887,-0.982797,-0.122942,0.137823,0.004165,1.931479
443,0.244744,0.345982,0.678161,0.145649,-0.978858,0.143609,-0.983671,-0.118478,0.135481,0.004246,1.935725
444,0.240128,0.345284,0.678151,0.133529,-0.981946,0.133987,-0.984464,-0.112375,0.134915,0.004669,1.940394
445,0.235935,0.344758,0.678323,0.125247,-0.984779,0.120516,-0.985092,-0.104718,0.136484,0.004229,1.944623
446,0.231077,0.344501,0.678576,0.111742,-0.988111,0.105595,-0.985507,-0.095757,0.140022,0.004872,1.949495
447,0.226894,0.344003,0.679356,0.101267,-0.991062,0.086840,-0.985695,-0.085938,0.144984,0.004284,1.953779
448,0.222621,0.343686,0.680282,0.098217,-0.991831,0.081391,-0.985516,-0.076468,0.151361,0.004383,1.958162
449,0.218073,0.343509,0.681269,0.103038,-0.991866,0.074732,-0.984839,-0.068502,0.159371,0.004657,1.962819
450,0.213986,0.343628,0.681912,0.089816,-0.993485,0.070147,-0.983753,-0.061708,0.168590,0.004139,1.966959
451,0.209511,0.343901,0.682468,0.083138,-0.993886,0.072659,-0.982504,-0.055716,0.177711,0.004518,1.971476
452,0.204981,0.343997,0.682888,0.090372,-0.993560,0.068344,-0.981193,-0.051041,0.186160,0.004551,1.976027
453,0.200924,0.343546,0.683396,0.091170,-0.992693,0.079048,-0.979774,-0.048189,0.194218,0.004113,1.980140
454,0.196546,0.343331,0.684539,0.084025,-0.992409,0.089795,-0.978319,-0.047392,0.201610,0.004530,1.984670
455,0.192710,0.343541,0.685512,0.090907,-0.988956,0.117051,-0.976996,-0.048329,0.207710,0.003963,1.988633
456,0.189053,0.343686,0.686367,0.086159,-0.986041,0.142475,-0.975997,-0.050382,0.211876,0.003758,1.992391
457,0.184538,0.343686,0.687499,0.087633,-0.984840,0.149699,-0.975390,-0.053392,0.213925,0.004655,1.997046
458,0.180826,0.343694,0.688832,0.086089,-0.984423,0.153298,-0.974994,-0.057622,0.214631,0.003944,2.000990
459,0.177663,0.343216,0.690439,0.090233,-0.982666,0.161944,-0.974795,-0.062955,0.214035,0.003580,2.004570
460,0.173705,0.343207,0.691947,0.090297,-0.980572,0.174139,-0.975043,-0.067225,0.211596,0.004236,2.008806
461,0.170090,0.343436,0.692528,0.096145,-0.977800,0.186182,-0.975882,-0.069395,0.206977,0.003668,2.012474
462,0.165847,0.342667,0.693438,0.133879,-0.972707,0.189519,-0.977501,-0.070957,0.198638,0.004408,2.016882
463,0.161670,0.341631,0.694514,0.135549,-0.973767,0.182771,-0.980061,-0.073315,0.184678,0.004435,2.021317
464,0.157909,0.340951,0.695187,0.108057,-0.977612,0.180553,-0.983385,-0.077081,0.164353,0.003881,2.025198
465,0.153548,0.340285,0.695646,0.103692,-0.973776,0.202507,-0.987291,-0.080916,0.136784,0.004436,2.029634
466,0.149025,0.339722,0.696094,0.095300,-0.969837,0.224351,-0.991418,-0.083724,0.100403,0.004579,2.034213
467,0.144305,0.338986,0.696638,0.083219,-0.968869,0.233169,-0.994807,-0.086258,0.054032,0.004808,2.039021
468,0.139770,0.338466,0.697100,0.071173,-0.967558,0.242415,-0.995960,-0.089758,-0.002641,0.004589,2.043610
469,0.135310,0.338179,0.697691,0.056322,-0.972333,0.226706,-0.993030,-0.094370,-0.070610,0.004508,2.048117
470,0.129967,0.337812,0.698435,0.052113,-0.973403,0.223094,-0.983527,-0.100283,-0.150391,0.005407,2.053524
471,0.124838,0.337613,0.699353,0.066888,-0.972587,0.222710,-0.964140,-0.109502,-0.241750,0.005214,2.058738
472,0.121411,0.337607,0.700366,0.077833,-0.973547,0.214822,-0.930929,-0.123398,-0.343721,0.003574,2.062313
473,0.115927,0.336811,0.700803,0.056847,-0.974984,0.214883,-0.880488,-0.140666,-0.452718,0.005559,2.067871
474,0.111587,0.338578,0.701038,0.041192,-0.974909,0.218761,-0.810070,-0.159260,-0.564289,0.004691,2.072563
475,0.108472,0.338914,0.700549,0.025524,-0.974580,0.222582,-0.717312,-0.176901,-0.673921,0.003172,2.075734
476,0.106084,0.338528,0.698814,0.011043,-0.974134,0.225700,-0.601063,-0.192433,-0.775689,0.002977,2.078711
477,0.105343,0.337548,0.696252,-0.001198,-0.973140,0.230210,-0.462825,-0.207587,-0.861801,0.002842,2.081553
478,0.105186,0.337018,0.693246,-0.016134,-0.971940,0.234676,-0.307336,-0.222120,-0.925315,0.003056,2.084609
479,0.105490,0.336665,0.689291,-0.022717,-0.969609,0.243603,-0.140834,-0.231677,-0.962544,0.003982,2.088591
480,0.105962,0.336709,0.685553,-0.025651,-0.966951,0.253669,0.028371,-0.234032,-0.971815,0.003767,2.092359
481,0.106458,0.335995,0.681578,-0.025628,-0.964238,0.263796,0.191471,-0.228934,-0.954426,0.004069,2.096428
482,0.107249,0.335364,0.678343,-0.023957,-0.961589,0.273447,0.341643,-0.217525,-0.914310,0.003390,2.099818
483,0.108178,0.334832,0.676002,-0.048991,-0.958536,0.280728,0.474193,-0.201340,-0.857090,0.002574,2.102392
484,0.109211,0.333945,0.674020,-0.037630,-0.953181,0.300049,0.586943,-0.181517,-0.789018,0.002404,2.104796
485,0.110799,0.333101,0.672295,-0.002900,-0.947968,0.318352,0.679760,-0.159056,-0.715980,0.002492,2.107288
486,0.113224,0.332383,0.671132,0.017199,-0.950613,0.309901,0.754250,-0.135290,-0.642498,0.002785,2.110073
487,0.116555,0.331627,0.670279,0.042304,-0.952769,0.300736,0.813012,-0.111424,-0.571486,0.003520,2.113592
488,0.120643,0.330960,0.669892,0.067476,-0.947052,0.313911,0.858577,-0.086152,-0.505395,0.004161,2.117753
489,0.125809,0.330486,0.669455,0.092399,-0.941135,0.325158,0.893084,-0.059084,-0.445993,0.005206,2.122959
490,0.131036,0.330258,0.669005,0.110302,-0.931250,0.347285,0.918036,-0.033511,-0.395079,0.005251,2.128210
491,0.136433,0.330317,0.668531,0.106472,-0.930788,0.349710,0.935535,-0.011594,-0.353044,0.005418,2.133628
492,0.141692,0.330601,0.667923,0.107689,-0.931635,0.347072,0.947740,0.006696,-0.318972,0.005302,2.138930
493,0.146851,0.331409,0.666817,0.098575,-0.933587,0.344527,0.955933,0.022819,-0.292698,0.005337,2.144267
494,0.151700,0.332278,0.665748,0.109446,-0.931804,0.346068,0.960895,0.037599,-0.274349,0.005041,2.149309
495,0.156315,0.333176,0.664861,0.108330,-0.934856,0.338095,0.963550,0.050798,-0.262662,0.004785,2.154093
496,0.160408,0.333970,0.664037,0.118786,-0.937281,0.327710,0.964561,0.062754,-0.256290,0.004250,2.158343
497,0.164412,0.334864,0.662990,0.116165,-0.945122,0.305370,0.964332,0.073433,-0.254307,0.004233,2.162577
498,0.168259,0.335501,0.661711,0.124040,-0.951947,0.280018,0.963305,0.081487,-0.255741,0.004104,2.166681
499,0.172174,0.336134,0.660363,0.151083,-0.952597,0.264069,0.961771,0.086536,-0.259824,0.004188,2.170869
500,0.175724,0.336760,0.659367,0.178330,-0.953398,0.243374,0.960166,0.089102,-0.264845,0.003741,2.174610
501,0.179276,0.337230,0.658385,0.177628,-0.959117,0.220324,0.958988,0.090403,-0.268643,0.003715,2.178325
502,0.182258,0.337686,0.657373,0.176432,-0.962681,0.205223,0.958403,0.091543,-0.270339,0.003182,2.181506
503,0.185523,0.337886,0.656123,0.180233,-0.965967,0.185537,0.958244,0.092882,-0.270445,0.003501,2.185008
504,0.189518,0.337468,0.654162,0.176220,-0.970406,0.165103,0.958547,0.094113,-0.268945,0.004470,2.189478
505,0.193116,0.336540,0.652841,0.171232,-0.974432,0.145472,0.959533,0.094944,-0.265107,0.003944,2.193422
506,0.198334,0.335895,0.651621,0.169029,-0.977586,0.125522,0.961054,0.095474,-0.259346,0.005397,2.198819
507,0.202653,0.336179,0.649975,0.164220,-0.980432,0.108556,0.962973,0.095982,-0.251935,0.004631,2.203450
508,0.206747,0.336431,0.648002,0.156286,-0.983338,0.092852,0.965041,0.097563,-0.243264,0.004552,2.208002
509,0.212291,0.336993,0.647096,0.145381,-0.986852,0.070628,0.966853,0.101163,-0.234437,0.005645,2.213647
510,0.216428,0.339094,0.645868,0.138662,-0.989288,0.045641,0.968547,0.106075,-0.225089,0.004800,2.218447
511,0.220549,0.339714,0.645590,0.134971,-0.990591,0.022648,0.970280,0.111802,-0.214611,0.004177,2.222624
512,0.225090,0.340342,0.645173,0.132244,-0.991174,0.009245,0.971820,0.118028,-0.204047,0.004603,2.227227
513,0.228464,0.340696,0.644630,0.125955,-0.992036,-0.000852,0.973209,0.123597,-0.193878,0.003436,2.230662
514,0.232426,0.341359,0.644076,0.128894,-0.991594,-0.011291,0.974533,0.128104,-0.184051,0.004054,2.234717
515,0.236820,0.342016,0.643542,0.134409,-0.990579,-0.026231,0.975647,0.132170,-0.175054,0.004475,2.239192
516,0.240815,0.342630,0.642734,0.145795,-0.988768,-0.032877,0.976575,0.135845,-0.166876,0.004122,2.243314
517,0.244889,0.343244,0.642005,0.144960,-0.988806,-0.035342,0.977331,0.139042,-0.159659,0.004184,2.247498
518,0.249098,0.343953,0.641337,0.159130,-0.987037,-0.020887,0.977990,0.140815,-0.153969,0.004321,2.251818
519,0.253211,0.344376,0.640639,0.160418,-0.987042,-0.003710,0.978737,0.140189,-0.149738,0.004193,2.256011
520,0.257395,0.344714,0.639954,0.142569,-0.989780,0.003237,0.979689,0.137242,-0.146196,0.004254,2.260265
521,0.261444,0.345448,0.639352,0.121408,-0.992509,0.013650,0.980699,0.132744,-0.143558,0.004158,2.264423
522,0.265604,0.346339,0.638811,0.124327,-0.991912,0.025553,0.981592,0.127180,-0.142484,0.004288,2.268711
523,0.269836,0.346951,0.638192,0.124863,-0.991747,0.029106,0.982411,0.120908,-0.142305,0.004321,2.273032
524,0.273920,0.347573,0.637745,0.120854,-0.991958,0.037608,0.983108,0.114596,-0.142711,0.004155,2.277188
525,0.277892,0.348190,0.637243,0.117059,-0.991981,0.047653,0.983701,0.108068,-0.143715,0.004051,2.281239
526,0.281956,0.348779,0.636749,0.112684,-0.992116,0.054852,0.984327,0.100643,-0.144815,0.004136,2.285375
527,0.285996,0.349303,0.636213,0.104507,-0.992585,0.062083,0.984927,0.092440,-0.146199,0.004109,2.289484
528,0.290095,0.349634,0.635693,0.094696,-0.993012,0.070427,0.985472,0.083329,-0.147991,0.004145,2.293629
529,0.294126,0.349887,0.635101,0.086306,-0.993061,0.079876,0.985948,0.073463,-0.150033,0.004082,2.297711
530,0.298265,0.350040,0.634511,0.081693,-0.992880,0.086693,0.986287,0.063097,-0.152500,0.004183,2.301894
531,0.302431,0.350205,0.633869,0.067056,-0.993652,0.090328,0.986477,0.052253,-0.155347,0.004219,2.306113
532,0.306594,0.350387,0.633241,0.049355,-0.994523,0.092136,0.986534,0.041495,-0.158203,0.004214,2.310327
533,0.310789,0.350604,0.632548,0.038576,-0.995023,0.091879,0.986469,0.031511,-0.160888,0.004257,2.314584
534,0.314911,0.350836,0.631849,0.029621,-0.995466,0.090386,0.986321,0.022056,-0.163356,0.004187,2.318771
535,0.319019,0.350979,0.631158,0.017694,-0.995510,0.092988,0.986110,0.013210,-0.165570,0.004168,2.322939
536,0.323110,0.351012,0.630458,0.014208,-0.996121,0.086842,0.985908,0.005554,-0.167195,0.004151,2.327090
537,0.327208,0.351171,0.629782,0.008928,-0.996703,0.080643,0.985797,-0.001164,-0.167939,0.004157,2.331247
538,0.331161,0.350962,0.629006,0.004509,-0.997375,0.072266,0.985775,-0.006607,-0.167940,0.004034,2.335280
539,0.335095,0.350724,0.628161,0.001674,-0.997483,0.070881,0.985845,-0.009690,-0.167379,0.004031,2.339311
540,0.339117,0.350439,0.627316,-0.002769,-0.997642,0.068571,0.986015,-0.010598,-0.166322,0.004119,2.343431
541,0.343294,0.350119,0.626467,-0.007211,-0.997776,0.066261,0.986293,-0.009519,-0.164726,0.004275,2.347706
542,0.347299,0.349466,0.625714,0.003446,-0.998301,0.058172,0.986659,-0.005893,-0.162696,0.004127,2.351833
543,0.351741,0.349196,0.624813,0.017766,-0.998059,0.059681,0.987021,-0.000167,-0.160590,0.004540,2.356373
544,0.356006,0.348948,0.623886,0.020966,-0.997814,0.062670,0.987306,0.006879,-0.158678,0.004371,2.360745
545,0.360317,0.348502,0.623236,0.030010,-0.997618,0.062105,0.987483,0.015327,-0.156977,0.004382,2.365127
546,0.364885,0.348745,0.622621,0.040765,-0.997324,0.060684,0.987551,0.025189,-0.155268,0.004616,2.369742
547,0.369166,0.349243,0.622158,0.049000,-0.996905,0.061481,0.987476,0.035906,-0.153627,0.004335,2.374077
548,0.373346,0.349340,0.621680,0.063095,-0.996066,0.062218,0.987152,0.047726,-0.152489,0.004208,2.378285
549,0.377899,0.349430,0.621017,0.073107,-0.995586,0.058846,0.986591,0.060054,-0.151765,0.004602,2.382888
550,0.382077,0.349522,0.620699,0.077142,-0.995507,0.054907,0.985827,0.072068,-0.151497,0.004191,2.387079
551,0.386399,0.349336,0.620402,0.080977,-0.995369,0.051800,0.984805,0.084421,-0.151762,0.004337,2.391415
552,0.391049,0.350110,0.619767,0.093024,-0.993990,0.057709,0.983574,0.096906,-0.152288,0.004756,2.396171
553,0.395358,0.351133,0.619170,0.110384,-0.991388,0.070460,0.982204,0.108465,-0.153334,0.004470,2.400640
554,0.399708,0.351660,0.618533,0.130434,-0.989211,0.066697,0.980737,0.118821,-0.155037,0.004428,2.405069
555,0.404150,0.352677,0.617788,0.134664,-0.988914,0.062572,0.979330,0.127489,-0.157032,0.004617,2.409686
556,0.408197,0.353747,0.617048,0.148458,-0.987699,0.049094,0.978149,0.133722,-0.159194,0.004251,2.413937
557,0.412178,0.354628,0.616143,0.141371,-0.989123,0.040621,0.977178,0.137708,-0.161737,0.004176,2.418113
558,0.416187,0.355468,0.615253,0.136395,-0.990244,0.028522,0.976353,0.140324,-0.164451,0.004191,2.422304
559,0.420167,0.356088,0.614528,0.134540,-0.990829,0.012485,0.975781,0.141304,-0.166988,0.004093,2.426397
560,0.424207,0.356594,0.613844,0.127178,-0.991752,-0.015934,0.975477,0.140498,-0.169422,0.004129,2.430526
561,0.428334,0.356717,0.613052,0.122983,-0.991400,-0.044734,0.975459,0.138093,-0.171494,0.004204,2.434731
562,0.432385,0.357125,0.612289,0.131937,-0.988453,-0.074524,0.975696,0.134291,-0.173158,0.004142,2.438872
563,0.436596,0.357505,0.611710,0.106066,-0.988405,-0.108655,0.975883,0.130307,-0.175138,0.004268,2.443140
564,0.440659,0.358826,0.610779,0.086952,-0.984770,-0.150554,0.975743,0.127091,-0.178249,0.004373,2.447513
565,0.444769,0.359966,0.610113,0.085082,-0.978192,-0.189476,0.975040,0.125100,-0.183430,0.004316,2.451829
566,0.448840,0.360736,0.609444,0.076637,-0.971463,-0.224469,0.973372,0.125391,-0.191895,0.004198,2.456027
567,0.453063,0.361176,0.608588,0.070390,-0.968737,-0.237895,0.970384,0.128555,-0.204521,0.004331,2.460357
568,0.457156,0.361288,0.607864,0.066583,-0.964021,-0.257352,0.965726,0.134558,-0.221965,0.004159,2.464516
569,0.461325,0.361425,0.607155,0.067326,-0.956936,-0.282384,0.958775,0.143922,-0.245026,0.004230,2.468746
570,0.465495,0.361566,0.606458,0.072344,-0.950064,-0.303553,0.948736,0.157917,-0.273793,0.004231,2.472977
571,0.469643,0.361399,0.605587,0.083252,-0.939933,-0.331051,0.934346,0.178075,-0.308686,0.004241,2.477218
572,0.473861,0.361971,0.605151,0.094022,-0.928943,-0.358085,0.913905,0.204866,-0.350439,0.004279,2.481498
573,0.478068,0.362010,0.604409,0.085817,-0.915889,-0.392152,0.885417,0.237790,-0.399364,0.004272,2.485770
574,0.482215,0.362088,0.603514,0.073813,-0.898487,-0.432750,0.846660,0.275232,-0.455427,0.004243,2.490013
575,0.486415,0.362201,0.602689,0.056405,-0.887762,-0.456833,0.795139,0.315400,-0.517954,0.004281,2.494295
576,0.489856,0.363118,0.601986,0.052506,-0.875441,-0.480464,0.728202,0.357981,-0.584440,0.003630,2.497925
577,0.492644,0.364270,0.600962,0.043209,-0.865485,-0.499068,0.643556,0.400797,-0.652072,0.003185,2.501110
578,0.494833,0.365092,0.599350,0.057690,-0.853547,-0.517812,0.539949,0.439804,-0.717654,0.002841,2.503951
579,0.496424,0.366154,0.597405,0.058698,-0.838362,-0.541944,0.417309,0.471441,-0.776915,0.002727,2.506678
580,0.497537,0.367403,0.595314,0.056666,-0.824808,-0.562566,0.277608,0.491496,-0.825449,0.002678,2.509356
581,0.498052,0.368709,0.593027,0.085306,-0.829009,-0.552691,0.124078,0.496894,-0.858895,0.002684,2.512040
582,0.498048,0.370162,0.590524,0.110077,-0.834108,-0.540506,-0.037817,0.485650,-0.873335,0.002894,2.514934
583,0.497945,0.371838,0.588108,0.121709,-0.840483,-0.527991,-0.200774,0.456459,-0.866796,0.002943,2.517877
584,0.497804,0.373633,0.585867,0.162291,-0.850555,-0.500218,-0.357405,0.410227,-0.839032,0.002874,2.520751
585,0.496238,0.374865,0.584474,0.190223,-0.858198,-0.476771,-0.500954,0.350027,-0.791534,0.002431,2.523181
586,0.494439,0.375909,0.583298,0.213970,-0.863211,-0.457257,-0.626162,0.279736,-0.727784,0.002390,2.525571
587,0.492487,0.376725,0.582371,0.241004,-0.863980,-0.442104,-0.729671,0.201538,-0.653424,0.002310,2.527881
588,0.488273,0.377214,0.580704,0.256575,-0.858925,-0.443189,-0.810350,0.119214,-0.573691,0.004559,2.532440
589,0.484546,0.377156,0.579582,0.270400,-0.858483,-0.435764,-0.869665,0.038162,-0.492165,0.003893,2.536332
590,0.480040,0.377536,0.579753,0.287158,-0.859267,-0.423321,-0.910511,-0.038334,-0.411705,0.004525,2.540858
591,0.473721,0.376534,0.577404,0.295042,-0.862593,-0.410953,-0.936277,-0.107615,-0.334371,0.006815,2.547672
592,0.469932,0.374899,0.576108,0.300804,-0.869635,-0.391473,-0.950265,-0.168204,-0.262112,0.004326,2.551998
593,0.465663,0.373443,0.575156,0.302206,-0.876127,-0.375598,-0.955214,-0.220219,-0.197662,0.004610,2.556608
594,0.460982,0.371035,0.574298,0.321594,-0.879083,-0.351839,-0.954273,-0.263866,-0.140491,0.005334,2.561941
595,0.457853,0.369047,0.574535,0.321949,-0.890260,-0.322160,-0.950115,-0.298782,-0.089503,0.003714,2.565656
596,0.454511,0.366807,0.574702,0.322352,-0.902030,-0.287108,-0.944323,-0.325890,-0.045280,0.004027,2.569683
597,0.451236,0.364503,0.574862,0.333855,-0.910745,-0.243074,-0.938171,-0.346087,-0.007660,0.004007,2.573690
598,0.448059,0.362606,0.575308,0.344607,-0.917484,-0.198669,-0.933201,-0.358554,0.023972,0.003726,2.577417
599,0.444859,0.360843,0.575773,0.331050,-0.930792,-0.155025,-0.930348,-0.363221,0.050220,0.003684,2.581100
600,0.441665,0.358841,0.576162,0.346357,-0.930523,-0.119014,-0.929597,-0.361314,0.072819,0.003789,2.584890
601,0.438491,0.356670,0.576448,0.345948,-0.935814,-0.067621,-0.930853,-0.353582,0.092159,0.003856,2.588746
602,0.434583,0.354816,0.576959,0.338842,-0.939721,-0.045948,-0.933887,-0.340826,0.108136,0.004356,2.593101
603,0.430481,0.353302,0.577776,0.330991,-0.942565,-0.044902,-0.938182,-0.324165,0.121373,0.004448,2.597550
604,0.426697,0.351819,0.578639,0.319145,-0.946870,-0.039796,-0.943336,-0.303720,0.133687,0.004155,2.601704
605,0.422256,0.350450,0.579683,0.290961,-0.956166,-0.032998,-0.949173,-0.279726,0.144308,0.004764,2.606468
606,0.418009,0.350502,0.580661,0.262337,-0.964588,-0.027388,-0.955184,-0.254080,0.151876,0.004358,2.610826
607,0.414088,0.350272,0.581294,0.231843,-0.972624,-0.015891,-0.961086,-0.227271,0.157040,0.003978,2.614804
608,0.409619,0.349553,0.582426,0.195018,-0.980800,0.000455,-0.966748,-0.199219,0.160342,0.004666,2.619470
609,0.405830,0.349654,0.583344,0.167226,-0.985838,0.012596,-0.971626,-0.172166,0.162176,0.003899,2.623370
610,0.401951,0.348319,0.583528,0.143824,-0.989365,0.021702,-0.975403,-0.147905,0.163440,0.004107,2.627477
611,0.397590,0.347192,0.584004,0.116461,-0.992718,0.030780,-0.978364,-0.126083,0.164032,0.004530,2.632007
612,0.393300,0.346571,0.584461,0.097559,-0.994382,0.041058,-0.980707,-0.106582,0.163869,0.004359,2.636365
613,0.388693,0.346204,0.584919,0.087256,-0.994967,0.049256,-0.982404,-0.089711,0.163810,0.004643,2.641009
614,0.384021,0.345350,0.585940,0.080696,-0.994841,0.061476,-0.983576,-0.075514,0.163936,0.004859,2.645867
615,0.379515,0.345021,0.586602,0.066912,-0.995298,0.070033,-0.984424,-0.064421,0.163585,0.004566,2.650434
616,0.374767,0.345218,0.587064,0.070426,-0.994966,0.071292,-0.985033,-0.056372,0.162889,0.004774,2.655208
617,0.370390,0.345595,0.588202,0.084501,-0.994141,0.067410,-0.985497,-0.050532,0.161992,0.004538,2.659746
618,0.366078,0.346078,0.589148,0.085055,-0.993906,0.070123,-0.985895,-0.046388,0.160807,0.004441,2.664187
619,0.362013,0.346578,0.589877,0.076747,-0.995077,0.062697,-0.986186,-0.043810,0.159744,0.004159,2.668346
620,0.358129,0.346855,0.590493,0.079703,-0.995307,0.054872,-0.986417,-0.041800,0.158853,0.003942,2.672289
621,0.354213,0.347044,0.591097,0.061723,-0.996087,0.063260,-0.986700,-0.039312,0.157728,0.003967,2.676256
622,0.350263,0.346942,0.591636,0.061942,-0.996660,0.053208,-0.987007,-0.036705,0.156426,0.003988,2.680244
623,0.346282,0.346712,0.592226,0.045506,-0.998093,0.041700,-0.987278,-0.034005,0.155326,0.004031,2.684275
624,0.342587,0.346175,0.592784,0.029407,-0.998364,0.049037,-0.987541,-0.031189,0.154240,0.003776,2.688050
625,0.338671,0.345877,0.593764,0.016487,-0.998545,0.051344,-0.987841,-0.028685,0.152797,0.004048,2.692098
626,0.334478,0.345635,0.594436,0.012155,-0.998821,0.046999,-0.988152,-0.026451,0.151184,0.004253,2.696351
627,0.330305,0.344574,0.595087,0.009061,-0.998964,0.044594,-0.988470,-0.024286,0.149458,0.004354,2.700706
628,0.325913,0.343841,0.595911,0.009825,-0.999128,0.040573,-0.988794,-0.022397,0.147594,0.004529,2.705234
629,0.321550,0.343561,0.596425,0.017706,-0.999258,0.034208,-0.989070,-0.021152,0.145920,0.004403,2.709637
630,0.317169,0.343339,0.597013,0.023270,-0.999339,0.027935,-0.989321,-0.019561,0.144438,0.004426,2.714062
631,0.312266,0.343050,0.597626,0.032435,-0.999239,0.021682,-0.989541,-0.017223,0.143223,0.004949,2.719011
632,0.307539,0.343059,0.597763,0.033144,-0.999394,0.010612,-0.989638,-0.015109,0.142788,0.004730,2.723741
633,0.303089,0.343318,0.598233,0.035042,-0.999386,-0.000457,-0.989606,-0.013746,0.143143,0.004482,2.728224
634,0.298633,0.343611,0.598836,0.026581,-0.999627,-0.006192,-0.989472,-0.013181,0.144121,0.004506,2.732729
635,0.294465,0.344260,0.599484,0.023616,-0.999636,-0.013027,-0.989224,-0.013599,0.145774,0.004267,2.736996
636,0.290325,0.344798,0.600143,0.028302,-0.999404,-0.019761,-0.988849,-0.015439,0.148122,0.004227,2.741223
637,0.286265,0.345273,0.600837,0.032995,-0.999174,-0.023738,-0.988361,-0.018828,0.150958,0.004146,2.745370
638,0.282475,0.345481,0.601506,0.030064,-0.999332,-0.020796,-0.987773,-0.023882,0.154058,0.003854,2.749224
639,0.278534,0.345566,0.602123,0.027614,-0.999133,-0.031169,-0.987034,-0.030675,0.157550,0.003990,2.753214
640,0.274614,0.345418,0.602719,0.038257,-0.998764,-0.031745,-0.986122,-0.039072,0.161359,0.003968,2.757182
641,0.270667,0.345104,0.603312,0.044599,-0.998627,-0.027474,-0.985043,-0.049456,0.165059,0.004004,2.761186
642,0.266660,0.344742,0.603872,0.050053,-0.998368,-0.027513,-0.983789,-0.061168,0.168573,0.004061,2.765247
643,0.262621,0.344385,0.604397,0.061672,-0.997766,-0.025673,-0.982389,-0.073561,0.171758,0.004089,2.769336
644,0.258628,0.344381,0.604987,0.074850,-0.996916,-0.023592,-0.980869,-0.086607,0.174341,0.004036,2.773372
645,0.254559,0.343866,0.605751,0.083626,-0.996349,-0.017176,-0.979327,-0.100108,0.175775,0.004172,2.777545
646,0.250584,0.343185,0.606688,0.093183,-0.995602,-0.009642,-0.977878,-0.113815,0.175503,0.004140,2.781685
647,0.246770,0.342474,0.607617,0.114444,-0.993386,-0.009327,-0.976530,-0.127576,0.173534,0.003989,2.785674
648,0.242822,0.341740,0.608615,0.135459,-0.990773,-0.004483,-0.975318,-0.141181,0.169775,0.004138,2.789812
649,0.238690,0.340915,0.609449,0.150557,-0.988582,-0.006124,-0.974390,-0.153939,0.163909,0.004295,2.794107
650,0.234860,0.340006,0.610389,0.162614,-0.986661,-0.007592,-0.973839,-0.165420,0.155803,0.004047,2.798154
651,0.230868,0.339341,0.611244,0.175430,-0.984438,-0.010314,-0.973672,-0.175407,0.145584,0.004136,2.802290
652,0.226434,0.338598,0.612076,0.181383,-0.983238,-0.018536,-0.973735,-0.184218,0.133806,0.004573,2.806863
653,0.222453,0.337944,0.612759,0.191400,-0.981253,-0.022557,-0.973850,-0.192442,0.120760,0.004092,2.810954
654,0.218614,0.336967,0.613339,0.200265,-0.979368,-0.027070,-0.974085,-0.199713,0.106172,0.004004,2.814959
655,0.214646,0.336520,0.613841,0.214357,-0.975988,-0.038718,-0.974413,-0.205890,0.090153,0.004024,2.818983
656,0.210971,0.336402,0.614357,0.217925,-0.974439,-0.054567,-0.974514,-0.211572,0.074559,0.003713,2.822695
657,0.207118,0.335233,0.615003,0.220734,-0.973027,-0.067045,-0.974291,-0.216940,0.060778,0.004079,2.826774
658,0.203440,0.334062,0.615501,0.226122,-0.970887,-0.079034,-0.973788,-0.222126,0.048954,0.003892,2.830666
659,0.199981,0.333063,0.615298,0.224975,-0.969808,-0.094119,-0.973024,-0.227234,0.039854,0.003605,2.834271
660,0.196182,0.331946,0.615156,0.226995,-0.966911,-0.116433,-0.972226,-0.231452,0.034738,0.003963,2.838234
661,0.192175,0.330697,0.615034,0.227526,-0.963753,-0.139327,-0.971633,-0.233973,0.034437,0.004200,2.842433
662,0.188267,0.329593,0.614578,0.230489,-0.958689,-0.166704,-0.971207,-0.234933,0.039536,0.004086,2.846519
663,0.183951,0.328570,0.613818,0.219013,-0.958613,-0.181917,-0.970934,-0.234110,0.049804,0.004500,2.851019
664,0.179628,0.327569,0.613021,0.203612,-0.961235,-0.185927,-0.970833,-0.231103,0.063827,0.004509,2.855528
665,0.175337,0.326661,0.612335,0.194606,-0.963093,-0.185958,-0.970752,-0.226112,0.080712,0.004440,2.859968
666,0.171283,0.325632,0.612083,0.204680,-0.961913,-0.181190,-0.970624,-0.219520,0.098490,0.004190,2.864158
667,0.166966,0.324849,0.611880,0.201760,-0.964668,-0.169435,-0.970805,-0.211457,0.113240,0.004392,2.868549
668,0.162503,0.324045,0.611491,0.187560,-0.970696,-0.150238,-0.971497,-0.202641,0.123006,0.004552,2.873101
669,0.158604,0.323138,0.611252,0.173135,-0.975560,-0.135307,-0.972936,-0.193200,0.126768,0.004010,2.877111
670,0.153550,0.321351,0.612966,0.149719,-0.980041,-0.130780,-0.975512,-0.182413,0.122893,0.005628,2.882740
671,0.148766,0.319431,0.614787,0.125476,-0.984342,-0.123797,-0.979017,-0.171658,0.109810,0.005466,2.888206
672,0.144204,0.317239,0.616510,0.104582,-0.988228,-0.111664,-0.982914,-0.162855,0.085777,0.005347,2.893553
673,0.138334,0.316245,0.619534,0.082267,-0.992515,-0.090260,-0.986868,-0.154690,0.046511,0.006678,2.900230
674,0.133199,0.316268,0.623474,0.069047,-0.994446,-0.079429,-0.989446,-0.144424,-0.011766,0.006473,2.906703
675,0.128196,0.316384,0.627326,0.061372,-0.995604,-0.070749,-0.987258,-0.131272,-0.089941,0.006315,2.913018
676,0.122694,0.316284,0.631333,0.055154,-0.996676,-0.059954,-0.975373,-0.114706,-0.188389,0.006808,2.919825
677,0.118199,0.316802,0.633763,0.054462,-0.997149,-0.052222,-0.947841,-0.094314,-0.304470,0.005136,2.924961
678,0.114188,0.317305,0.634689,0.049337,-0.997938,-0.041067,-0.898884,-0.070458,-0.432484,0.004147,2.929108
679,0.110620,0.317415,0.634990,0.016068,-0.999464,-0.028514,-0.823131,-0.042384,-0.566268,0.003583,2.932691
680,0.107997,0.317245,0.633115,0.021839,-0.998749,-0.044990,-0.716999,-0.008884,-0.697017,0.003229,2.935920
681,0.106724,0.317181,0.629929,0.017326,-0.998252,-0.056497,-0.579457,0.025315,-0.814610,0.003431,2.939351
682,0.105981,0.316434,0.626419,0.023367,-0.999049,-0.036811,-0.414639,0.057491,-0.908168,0.003664,2.943016
683,0.105271,0.315741,0.622443,0.028115,-0.999018,-0.034247,-0.232088,0.089522,-0.968566,0.004098,2.947114
684,0.106033,0.316284,0.616288,0.054362,-0.997751,-0.039205,-0.045126,0.120133,-0.991732,0.006225,2.953339
685,0.106258,0.316151,0.610400,0.056086,-0.997768,-0.036245,0.134244,0.145649,-0.980186,0.005894,2.959233
686,0.108836,0.315247,0.604203,0.070375,-0.996827,-0.037185,0.297804,0.165640,-0.940147,0.006772,2.966005
687,0.110771,0.316038,0.599711,0.073725,-0.996138,-0.047691,0.440490,0.179921,-0.879543,0.004955,2.970960
688,0.112622,0.316913,0.595964,0.083571,-0.994310,-0.066055,0.560692,0.189519,-0.806044,0.004270,2.975230
689,0.114996,0.317496,0.592416,0.102377,-0.990096,-0.096064,0.659252,0.197398,-0.725548,0.004308,2.979538
690,0.120340,0.319536,0.588469,0.115020,-0.985330,-0.126074,0.738334,0.204264,-0.642759,0.006950,2.986488
691,0.124211,0.321308,0.587378,0.129933,-0.981593,-0.139972,0.801197,0.208664,-0.560841,0.004395,2.990883
692,0.128766,0.322191,0.587226,0.149423,-0.977623,-0.148076,0.849858,0.213501,-0.481829,0.004642,2.995525
693,0.131254,0.323229,0.587242,0.163336,-0.973734,-0.158632,0.886440,0.219265,-0.407610,0.002696,2.998221
694,0.134910,0.324697,0.587375,0.182447,-0.968500,-0.169472,0.913265,0.223500,-0.340580,0.003942,3.002164
695,0.139134,0.324771,0.587242,0.189091,-0.967072,-0.170344,0.932390,0.224980,-0.282903,0.004227,3.006390
696,0.143058,0.325013,0.586746,0.191269,-0.967049,-0.168026,0.946030,0.223226,-0.234942,0.003962,3.010352
697,0.146439,0.326136,0.586289,0.190736,-0.966590,-0.171238,0.956134,0.217101,-0.196659,0.003592,3.013945
698,0.150203,0.327173,0.585824,0.190476,-0.967520,-0.166204,0.963491,0.209453,-0.166774,0.003931,3.017876
699,0.154864,0.328168,0.585448,0.182599,-0.970148,-0.159593,0.968551,0.202844,-0.144095,0.004781,3.022657
700,0.159349,0.329623,0.585198,0.197560,-0.967941,-0.155115,0.972321,0.195361,-0.128164,0.004721,3.027378
701,0.163152,0.330523,0.584870,0.178303,-0.975761,-0.126880,0.975325,0.186485,-0.118168,0.003923,3.031301
702,0.167200,0.331210,0.584412,0.189063,-0.977040,-0.098223,0.977408,0.178414,-0.113327,0.004130,3.035431
703,0.170970,0.331948,0.584409,0.168904,-0.979725,-0.107747,0.978698,0.171290,-0.113185,0.003842,3.039273
704,0.174816,0.332742,0.584042,0.150318,-0.983940,-0.096263,0.979319,0.165511,-0.116365,0.003944,3.043217
705,0.178732,0.333427,0.583587,0.148391,-0.985535,-0.081855,0.979320,0.161903,-0.121321,0.004001,3.047219
706,0.182294,0.333964,0.583056,0.162871,-0.982893,-0.085985,0.978915,0.160365,-0.126524,0.003641,3.050860
707,0.185997,0.334243,0.582524,0.164900,-0.981903,-0.093141,0.978185,0.161044,-0.131222,0.003752,3.054612
708,0.189491,0.334833,0.581845,0.165766,-0.981047,-0.100342,0.977065,0.164781,-0.134873,0.003608,3.058220
709,0.194073,0.334822,0.580931,0.172957,-0.979185,-0.106221,0.975796,0.169828,-0.137770,0.004672,3.062892
710,0.197996,0.334570,0.580077,0.168782,-0.980477,-0.100881,0.974608,0.174496,-0.140321,0.004024,3.066915
711,0.201827,0.334287,0.579406,0.170963,-0.980345,-0.098462,0.973349,0.179759,-0.142404,0.003899,3.070814
712,0.206808,0.335340,0.578900,0.179259,-0.978820,-0.098881,0.971862,0.186536,-0.143838,0.005116,3.075930
713,0.211230,0.336780,0.578203,0.177822,-0.978218,-0.107093,0.970265,0.194131,-0.144565,0.004703,3.080633
714,0.215989,0.336840,0.577254,0.178508,-0.977162,-0.115276,0.968581,0.202430,-0.144472,0.004853,3.085486
715,0.220998,0.338104,0.576565,0.175683,-0.976046,-0.128338,0.966940,0.210440,-0.144022,0.005212,3.090698
716,0.224720,0.339402,0.576021,0.176718,-0.974056,-0.141373,0.965664,0.216603,-0.143448,0.003979,3.094677
717,0.228954,0.340931,0.575409,0.174481,-0.972287,-0.155609,0.964782,0.221297,-0.142210,0.004543,3.099220
718,0.233229,0.342604,0.574898,0.168345,-0.971887,-0.164607,0.964264,0.224611,-0.140514,0.004619,3.103839
719,0.236957,0.344026,0.574266,0.164557,-0.970589,-0.175723,0.964265,0.225541,-0.139012,0.004040,3.107879
720,0.240802,0.345330,0.573632,0.165884,-0.967285,-0.191942,0.964901,0.223449,-0.137973,0.004109,3.111988
721,0.244547,0.346588,0.573147,0.167409,-0.963860,-0.207241,0.966199,0.218005,-0.137600,0.003980,3.115969
722,0.248374,0.347787,0.572657,0.166487,-0.960466,-0.223130,0.968057,0.209367,-0.137954,0.004040,3.120009
723,0.252269,0.348996,0.572174,0.138967,-0.960936,-0.239354,0.970392,0.197483,-0.139069,0.004107,3.124116
724,0.256255,0.349879,0.571625,0.130399,-0.960097,-0.247406,0.973094,0.182224,-0.141005,0.004119,3.128235
725,0.260300,0.350706,0.571132,0.122246,-0.958165,-0.258796,0.975980,0.163771,-0.143672,0.004158,3.132393
726,0.264369,0.351536,0.570661,0.097380,-0.958065,-0.269495,0.978736,0.143505,-0.146568,0.004180,3.136573
727,0.268552,0.352188,0.570162,0.076462,-0.957232,-0.279035,0.981076,0.123084,-0.149469,0.004263,3.140836
728,0.272772,0.352807,0.569663,0.052746,-0.957574,-0.283320,0.982962,0.102538,-0.152551,0.004294,3.145129
729,0.276985,0.353159,0.569098,0.033041,-0.957687,-0.285910,0.984385,0.082129,-0.155698,0.004265,3.149394
730,0.281284,0.353433,0.568492,0.019836,-0.956591,-0.290757,0.985313,0.063124,-0.158660,0.004351,3.153745
731,0.285534,0.353508,0.567817,0.007575,-0.955704,-0.294231,0.985814,0.046057,-0.161396,0.004304,3.158049
732,0.289755,0.353359,0.567055,-0.005239,-0.955643,-0.294480,0.985998,0.031148,-0.163822,0.004291,3.162340
733,0.293994,0.353076,0.566232,-0.014448,-0.954694,-0.297239,0.985956,0.018666,-0.165958,0.004327,3.166668
734,0.298095,0.352486,0.565297,-0.019365,-0.954338,-0.298102,0.985759,0.008619,-0.167943,0.004248,3.170915
735,0.302204,0.351903,0.564374,-0.029481,-0.953741,-0.299179,0.985502,0.001105,-0.169659,0.004252,3.175167
736,0.306293,0.351177,0.563432,-0.038974,-0.953724,-0.298148,0.985264,-0.003980,-0.170993,0.004258,3.179426
737,0.310441,0.350685,0.562569,-0.049657,-0.953210,-0.298203,0.985054,-0.006725,-0.172116,0.004265,3.183691
738,0.314610,0.350272,0.561750,-0.054658,-0.952780,-0.298702,0.984926,-0.007024,-0.172834,0.004269,3.187960
739,0.318837,0.350085,0.561016,-0.056435,-0.952332,-0.299797,0.984995,-0.004564,-0.172520,0.004294,3.192254
740,0.323117,0.350247,0.560336,-0.063285,-0.953160,-0.295770,0.985254,0.001371,-0.171094,0.004337,3.196591
741,0.327350,0.350569,0.559715,-0.057938,-0.949629,-0.307973,0.985613,0.009582,-0.168747,0.004290,3.200880
742,0.331571,0.350893,0.559083,-0.051994,-0.946092,-0.319697,0.986023,0.018626,-0.165567,0.004281,3.205162
743,0.335772,0.351353,0.558476,-0.024668,-0.947709,-0.318181,0.986463,0.028885,-0.161419,0.004269,3.209430
744,0.339923,0.351841,0.557885,0.000317,-0.951954,-0.306241,0.986902,0.040751,-0.156088,0.004221,3.213651
745,0.344136,0.351996,0.557191,0.002875,-0.950159,-0.311753,0.987333,0.053504,-0.149369,0.004273,3.217924
746,0.348308,0.352053,0.556465,0.023794,-0.947757,-0.318104,0.987652,0.065522,-0.142304,0.004236,3.222160
747,0.352461,0.352063,0.555753,0.044064,-0.944093,-0.326721,0.987757,0.075789,-0.136351,0.004214,3.226373
748,0.356662,0.352139,0.554980,0.069200,-0.940271,-0.333318,0.987795,0.084573,-0.130797,0.004272,3.230646
749,0.360870,0.352359,0.554283,0.057526,-0.932279,-0.357137,0.987802,0.091859,-0.125731,0.004271,3.234917
750,0.365003,0.352314,0.553565,0.042733,-0.922909,-0.382640,0.987734,0.097261,-0.122156,0.004195,3.239111
751,0.369214,0.352633,0.552542,0.028167,-0.912591,-0.407903,0.987705,0.100728,-0.119550,0.004345,3.243457
752,0.373456,0.353329,0.552151,0.021330,-0.903992,-0.427017,0.987670,0.103919,-0.117083,0.004317,3.247773
753,0.377536,0.354584,0.552202,0.011874,-0.895008,-0.445892,0.987453,0.108609,-0.114632,0.004269,3.252042
754,0.381207,0.356645,0.551991,0.021411,-0.885425,-0.464290,0.987064,0.114571,-0.112148,0.004215,3.256258
755,0.385613,0.356683,0.551812,0.029102,-0.876478,-0.480562,0.986508,0.121100,-0.110165,0.004410,3.260668
756,0.390216,0.356753,0.551427,0.054873,-0.866923,-0.495412,0.985625,0.128495,-0.109695,0.004619,3.265287
757,0.394571,0.357886,0.551569,0.073545,-0.861876,-0.501758,0.984432,0.137173,-0.109900,0.004502,3.269789
758,0.398504,0.359229,0.551748,0.093470,-0.856988,-0.506789,0.982851,0.148867,-0.108823,0.004160,3.273949
759,0.404127,0.359913,0.552385,0.115139,-0.850339,-0.513484,0.980627,0.164306,-0.106647,0.005700,3.279649
760,0.407940,0.359227,0.550884,0.138257,-0.843583,-0.518895,0.977763,0.182327,-0.103616,0.004155,3.283804
761,0.411783,0.358735,0.549685,0.168690,-0.834551,-0.524470,0.974372,0.201792,-0.099392,0.004055,3.287859
762,0.416006,0.358697,0.549039,0.191480,-0.835356,-0.515281,0.970479,0.222044,-0.094162,0.004273,3.292132
763,0.419450,0.358750,0.548121,0.216566,-0.837352,-0.501937,0.966028,0.243346,-0.087015,0.003564,3.295696
764,0.423336,0.358980,0.547022,0.221886,-0.832741,-0.507257,0.960684,0.266704,-0.077170,0.004045,3.299742
765,0.426710,0.360138,0.546868,0.235241,-0.820377,-0.521194,0.954188,0.291866,-0.065873,0.003570,3.303312
766,0.430101,0.361384,0.546704,0.271938,-0.812193,-0.516131,0.946377,0.318642,-0.053270,0.003617,3.306928
767,0.433211,0.362747,0.546535,0.294614,-0.804562,-0.515639,0.937031,0.347044,-0.039156,0.003400,3.310328
768,0.436376,0.364086,0.546299,0.313622,-0.796136,-0.517502,0.925763,0.377251,-0.025402,0.003445,3.313773
769,0.439456,0.365839,0.546061,0.329513,-0.786165,-0.522844,0.912378,0.409015,-0.016532,0.003552,3.317325
770,0.442319,0.367588,0.545704,0.375791,-0.778568,-0.502607,0.897390,0.441040,-0.013206,0.003374,3.320699
771,0.444910,0.369254,0.545507,0.412819,-0.771988,-0.483338,0.880906,0.473067,-0.014609,0.003086,3.323785
772,0.447529,0.370921,0.545712,0.443923,-0.766302,-0.464451,0.862581,0.505497,-0.020667,0.003112,3.326897
773,0.450049,0.372571,0.545930,0.468716,-0.757903,-0.453749,0.842193,0.538127,-0.033629,0.003020,3.329917
774,0.452226,0.374116,0.546276,0.501615,-0.746083,-0.437885,0.819623,0.569949,-0.058101,0.002691,3.332608
775,0.454368,0.375533,0.546778,0.517175,-0.741738,-0.427031,0.792738,0.601029,-0.101642,0.002618,3.335226
776,0.456640,0.376797,0.547747,0.537108,-0.732489,-0.418300,0.754615,0.633485,-0.171035,0.002775,3.338000
777,0.458795,0.378043,0.548844,0.553357,-0.726267,-0.407839,0.698600,0.664026,-0.266510,0.002720,3.340720
778,0.462583,0.381350,0.549843,0.568840,-0.712743,-0.410389,0.619684,0.686368,-0.380645,0.005127,3.345847
779,0.466661,0.384668,0.550736,0.579934,-0.699485,-0.417608,0.513821,0.693852,-0.504538,0.005332,3.351179
780,0.469930,0.387658,0.551092,0.587268,-0.690297,-0.422618,0.380826,0.679684,-0.626898,0.004445,3.355624
781,0.472708,0.390146,0.550394,0.588970,-0.684121,-0.430225,0.222981,0.637675,-0.737326,0.003794,3.359418
782,0.473184,0.390954,0.549569,0.586463,-0.679056,-0.441525,0.048091,0.565421,-0.823400,0.001250,3.360668
783,0.472094,0.391303,0.547817,0.586675,-0.672500,-0.451172,-0.128852,0.467782,-0.874401,0.002092,3.362760
784,0.470470,0.391246,0.545940,0.579643,-0.668857,-0.465451,-0.292555,0.356664,-0.887244,0.002483,3.365243
785,0.466831,0.388954,0.544330,0.572427,-0.668433,-0.474894,-0.434300,0.244271,-0.867015,0.004592,3.369835
786,0.462324,0.386119,0.542338,0.566315,-0.670048,-0.479919,-0.550615,0.139552,-0.823012,0.005685,3.375520
787,0.458331,0.383228,0.539941,0.554354,-0.674778,-0.487203,-0.640034,0.048567,-0.766810,0.005482,3.381001
788,0.455333,0.380556,0.538330,0.537621,-0.683895,-0.493205,-0.704209,-0.021926,-0.709654,0.004327,3.385328
789,0.453211,0.379886,0.536722,0.527067,-0.691839,-0.493517,-0.749017,-0.072281,-0.658597,0.002745,3.388073
790,0.451499,0.379531,0.535307,0.510746,-0.706162,-0.490381,-0.781993,-0.108219,-0.613821,0.002250,3.390323
791,0.449661,0.379460,0.533591,0.490105,-0.720193,-0.491039,-0.808568,-0.133553,-0.573046,0.002516,3.392838
792,0.447397,0.379760,0.531508,0.475774,-0.730759,-0.489520,-0.831811,-0.148941,-0.534703,0.003091,3.395930
793,0.444877,0.379866,0.529286,0.470131,-0.739165,-0.482298,-0.853128,-0.157547,-0.497344,0.003361,3.399291
794,0.442799,0.379987,0.527642,0.464053,-0.746763,-0.476445,-0.872781,-0.162880,-0.460135,0.002653,3.401943
795,0.440342,0.379790,0.526154,0.427539,-0.765757,-0.480444,-0.890711,-0.166818,-0.422854,0.002879,3.404822
796,0.437513,0.379396,0.524394,0.390616,-0.783448,-0.483352,-0.906631,-0.169580,-0.386346,0.003355,3.408178
797,0.434637,0.379120,0.522875,0.377298,-0.794903,-0.475158,-0.920846,-0.171390,-0.350241,0.003264,3.411441
798,0.431648,0.378707,0.521797,0.357360,-0.805800,-0.472207,-0.933842,-0.172921,-0.313108,0.003204,3.414646
799,0.429155,0.378001,0.521293,0.338388,-0.818958,-0.463466,-0.945579,-0.175812,-0.273808,0.002640,3.417286
800,0.425806,0.377162,0.520587,0.317148,-0.830249,-0.458371,-0.955743,-0.180660,-0.232202,0.003524,3.420810
801,0.421927,0.376254,0.519876,0.280324,-0.838977,-0.466407,-0.963949,-0.186880,-0.189417,0.004046,3.424856
802,0.418447,0.375888,0.519334,0.270882,-0.839646,-0.470762,-0.969944,-0.194137,-0.146694,0.003541,3.428398
803,0.415566,0.375417,0.519090,0.249853,-0.848449,-0.466591,-0.973698,-0.202087,-0.105225,0.002929,3.431326
804,0.411795,0.374065,0.518669,0.236836,-0.848386,-0.473444,-0.975634,-0.209209,-0.066104,0.004028,3.435355
805,0.407771,0.373401,0.518656,0.222967,-0.858201,-0.462361,-0.976211,-0.214739,-0.029972,0.004079,3.439433
806,0.403471,0.373868,0.519879,0.190641,-0.870910,-0.452959,-0.976045,-0.217554,0.002722,0.004495,3.443928
807,0.398809,0.372423,0.520274,0.156722,-0.874753,-0.458525,-0.975777,-0.216357,0.032372,0.004897,3.448825
808,0.395656,0.370736,0.520813,0.150973,-0.878573,-0.453118,-0.975505,-0.212004,0.058680,0.003616,3.452441
809,0.392002,0.369205,0.521662,0.145223,-0.882320,-0.447685,-0.975177,-0.206334,0.080354,0.004052,3.456493
810,0.387953,0.367042,0.522223,0.118427,-0.887113,-0.446100,-0.975024,-0.199332,0.097951,0.004625,3.461118
811,0.384470,0.366008,0.523233,0.110016,-0.883827,-0.454694,-0.975286,-0.190073,0.112645,0.003771,3.464888
812,0.380856,0.365110,0.524066,0.099464,-0.882719,-0.459254,-0.975997,-0.178359,0.124969,0.003816,3.468704
813,0.377921,0.364699,0.524329,0.081580,-0.882858,-0.462500,-0.976847,-0.165496,0.135575,0.002975,3.471679
814,0.374683,0.364329,0.524675,0.058626,-0.877872,-0.475294,-0.977785,-0.152674,0.143621,0.003278,3.474957
815,0.370580,0.363602,0.524857,0.033611,-0.873175,-0.486247,-0.979009,-0.139122,0.148954,0.004171,3.479128
816,0.366643,0.363552,0.525186,0.048838,-0.867407,-0.495197,-0.980398,-0.123694,0.153362,0.003951,3.483079
817,0.363113,0.364038,0.526131,0.063773,-0.862838,-0.501441,-0.981738,-0.107416,0.157011,0.003686,3.486765
818,0.358818,0.363508,0.526597,0.030923,-0.858095,-0.512559,-0.983021,-0.091389,0.159117,0.004353,3.491119
819,0.354899,0.362496,0.526982,-0.002875,-0.852877,-0.522104,-0.984285,-0.075165,0.159788,0.004065,3.495183
820,0.350967,0.362655,0.527927,-0.031248,-0.846455,-0.531543,-0.985428,-0.058455,0.159732,0.004047,3.499230
821,0.346407,0.362406,0.529034,-0.041333,-0.850486,-0.524371,-0.986366,-0.042124,0.159083,0.004700,3.503930
822,0.342924,0.362038,0.529712,-0.038480,-0.860795,-0.507495,-0.987100,-0.027363,0.157747,0.003567,3.507497
823,0.338573,0.362374,0.530127,-0.060932,-0.870630,-0.488151,-0.987722,-0.015084,0.155491,0.004384,3.511881
824,0.334096,0.362672,0.530862,-0.063682,-0.876056,-0.477986,-0.988343,-0.005074,0.152161,0.004546,3.516427
825,0.330348,0.362849,0.531634,-0.075679,-0.887333,-0.454877,-0.988867,0.002955,0.148775,0.003831,3.520259
826,0.326604,0.362776,0.532604,-0.073129,-0.890555,-0.448958,-0.989243,0.007800,0.146070,0.003868,3.524127
827,0.322653,0.361971,0.533140,-0.056764,-0.895968,-0.440476,-0.989676,0.009167,0.143030,0.004067,3.528194
828,0.318455,0.362101,0.533321,-0.043152,-0.907753,-0.417279,-0.990241,0.007869,0.139140,0.004204,3.532399
829,0.314360,0.362935,0.534020,-0.040636,-0.914626,-0.402255,-0.990882,0.003916,0.134677,0.004237,3.536636
830,0.310978,0.363245,0.535309,-0.039765,-0.919175,-0.391838,-0.991521,-0.002174,0.129925,0.003632,3.540268
831,0.307043,0.363372,0.535882,-0.021103,-0.922496,-0.385428,-0.991980,-0.010164,0.125982,0.003979,3.544247
832,0.302501,0.363772,0.536326,-0.017079,-0.927960,-0.372289,-0.992217,-0.021204,0.122702,0.004581,3.548827
833,0.297469,0.364522,0.536540,-0.001382,-0.931438,-0.363897,-0.992281,-0.035667,0.118769,0.005092,3.553920
834,0.292387,0.365454,0.536641,0.022081,-0.933673,-0.357446,-0.992038,-0.052227,0.114595,0.005167,3.559087
835,0.287832,0.365480,0.536790,0.043845,-0.937825,-0.344328,-0.991312,-0.070335,0.111149,0.004558,3.563645
836,0.282839,0.365057,0.537058,0.065950,-0.940714,-0.332728,-0.989997,-0.090361,0.108356,0.005018,3.568663
837,0.277826,0.364223,0.537114,0.075993,-0.943487,-0.322578,-0.988101,-0.111611,0.105827,0.005082,3.573745
838,0.272795,0.363959,0.537591,0.086448,-0.945950,-0.312578,-0.985689,-0.133155,0.103382,0.005061,3.578806
839,0.268173,0.362891,0.538045,0.111589,-0.946012,-0.304319,-0.982886,-0.153915,0.101221,0.004765,3.583571
840,0.263966,0.361902,0.538687,0.134833,-0.945634,-0.295968,-0.979767,-0.173546,0.099688,0.004369,3.587940
841,0.259612,0.360797,0.539428,0.158822,-0.944531,-0.287467,-0.976252,-0.192943,0.098511,0.004553,3.592493
842,0.255068,0.359532,0.540246,0.170501,-0.941705,-0.290037,-0.972498,-0.211688,0.097134,0.004787,3.597280
843,0.250922,0.358348,0.540914,0.181470,-0.940124,-0.288507,-0.968911,-0.228135,0.095742,0.004363,3.601643
844,0.246889,0.357022,0.541452,0.202458,-0.936337,-0.286851,-0.965625,-0.241943,0.095034,0.004280,3.605923
845,0.242895,0.355588,0.541761,0.214895,-0.933085,-0.288398,-0.962705,-0.253324,0.095002,0.004255,3.610178
846,0.238975,0.354155,0.542081,0.224544,-0.929749,-0.291799,-0.960318,-0.262218,0.095028,0.004186,3.614364
847,0.235152,0.352756,0.542389,0.223734,-0.928172,-0.297388,-0.958682,-0.268144,0.095010,0.004083,3.618446
848,0.231344,0.351348,0.542663,0.228048,-0.924474,-0.305519,-0.958010,-0.270523,0.095046,0.004069,3.622516
849,0.227532,0.350169,0.542993,0.233207,-0.920246,-0.314263,-0.958269,-0.269542,0.095224,0.004004,3.626519
850,0.223683,0.348917,0.543257,0.225282,-0.919208,-0.322963,-0.959230,-0.265982,0.095560,0.004056,3.630576
851,0.219818,0.347775,0.543570,0.219256,-0.919396,-0.326554,-0.960768,-0.260193,0.096045,0.004042,3.634618
852,0.215922,0.346686,0.543882,0.210982,-0.921768,-0.325315,-0.962896,-0.251884,0.096877,0.004057,3.638675
853,0.211908,0.345998,0.544314,0.201724,-0.924172,-0.324368,-0.965500,-0.241167,0.098227,0.004096,3.642771
854,0.207879,0.344971,0.544636,0.188217,-0.926763,-0.325091,-0.968347,-0.228635,0.100150,0.004170,3.646941
855,0.203895,0.343840,0.544936,0.172065,-0.929756,-0.325497,-0.971235,-0.214841,0.102695,0.004152,3.651093
856,0.199867,0.342694,0.545283,0.152944,-0.932798,-0.326338,-0.973943,-0.200650,0.105707,0.004202,3.655296
857,0.195751,0.341607,0.545681,0.136732,-0.935560,-0.325626,-0.976350,-0.186603,0.109178,0.004276,3.659571
858,0.191584,0.340663,0.546125,0.120123,-0.938109,-0.324840,-0.978444,-0.173057,0.112691,0.004295,3.663867
859,0.187318,0.339804,0.546669,0.107685,-0.940048,-0.323594,-0.980157,-0.160828,0.115876,0.004386,3.668252
860,0.183011,0.339023,0.547232,0.101014,-0.940515,-0.324387,-0.981385,-0.150758,0.118980,0.004413,3.672665
861,0.178675,0.338496,0.547826,0.096874,-0.940832,-0.324733,-0.982075,-0.143574,0.122129,0.004409,3.677074
862,0.174246,0.338124,0.548483,0.100220,-0.940671,-0.324181,-0.982390,-0.138595,0.125304,0.004492,3.681566
863,0.169855,0.337898,0.549114,0.105189,-0.940348,-0.323545,-0.982716,-0.134261,0.127452,0.004442,3.686008
864,0.165534,0.337900,0.549786,0.120091,-0.938058,-0.325001,-0.983321,-0.130589,0.126599,0.004373,3.690381
865,0.161266,0.337870,0.550457,0.127748,-0.936463,-0.326678,-0.984190,-0.128762,0.121613,0.004321,3.694702
866,0.157116,0.337952,0.551126,0.109380,-0.942122,-0.316926,-0.985509,-0.128055,0.111243,0.004204,3.698906
867,0.153056,0.337992,0.551703,0.092427,-0.947401,-0.306412,-0.987377,-0.126798,0.094919,0.004101,3.703007
868,0.149113,0.337973,0.552299,0.102699,-0.949360,-0.296931,-0.989553,-0.125126,0.071605,0.003988,3.706995
869,0.145367,0.337618,0.552777,0.116691,-0.945122,-0.305168,-0.991492,-0.123600,0.040815,0.003793,3.710787
870,0.141670,0.337177,0.553266,0.126889,-0.942288,-0.309828,-0.992579,-0.121584,0.002023,0.003756,3.714543
871,0.138187,0.336437,0.553833,0.135022,-0.936709,-0.323024,-0.991993,-0.117567,-0.046120,0.003606,3.718149
872,0.134332,0.335543,0.553858,0.164260,-0.934339,-0.316273,-0.988494,-0.109432,-0.104421,0.003957,3.722106
873,0.130196,0.333927,0.554336,0.175735,-0.933484,-0.312610,-0.980009,-0.096857,-0.173786,0.004466,3.726572
874,0.126537,0.332187,0.555065,0.187751,-0.932547,-0.308393,-0.963995,-0.080018,-0.253596,0.004116,3.730688
875,0.123414,0.330436,0.555668,0.192762,-0.928698,-0.316802,-0.938141,-0.057333,-0.341473,0.003632,3.734320
876,0.119114,0.330020,0.556639,0.200012,-0.924316,-0.325015,-0.899601,-0.026378,-0.435916,0.004427,3.738747
877,0.115958,0.330596,0.555780,0.209947,-0.920685,-0.329030,-0.845129,0.013452,-0.534393,0.003322,3.742069
878,0.113306,0.330400,0.554375,0.224372,-0.912286,-0.342626,-0.771691,0.061164,-0.633050,0.003008,3.745077
879,0.111543,0.329985,0.552750,0.238696,-0.903461,-0.356065,-0.676850,0.114297,-0.727193,0.002433,3.747509
880,0.110050,0.330459,0.550297,0.249720,-0.899962,-0.357363,-0.559434,0.169662,-0.811325,0.002911,3.750420
881,0.108353,0.331671,0.547032,0.257260,-0.899026,-0.354358,-0.420781,0.225330,-0.878732,0.003874,3.754295
882,0.107215,0.331970,0.542786,0.262957,-0.898697,-0.350996,-0.265511,0.279076,-0.922833,0.004406,3.758700
883,0.105653,0.332484,0.538404,0.257199,-0.901125,-0.349031,-0.100218,0.325903,-0.940076,0.004680,3.763381
884,0.105341,0.332997,0.535272,0.255269,-0.903835,-0.343396,0.067011,0.361288,-0.930043,0.003189,3.766570
885,0.105340,0.334166,0.532106,0.237327,-0.909771,-0.340576,0.227914,0.384122,-0.894710,0.003375,3.769945
886,0.106062,0.335602,0.529525,0.219798,-0.915088,-0.338086,0.376064,0.394146,-0.838585,0.003041,3.772985
887,0.107708,0.336789,0.527563,0.223054,-0.912690,-0.342410,0.506919,0.391955,-0.767727,0.002822,3.775808
888,0.110169,0.338484,0.526322,0.226215,-0.910284,-0.346712,0.618185,0.378609,-0.688842,0.003235,3.779043
889,0.113181,0.339968,0.525649,0.202607,-0.914466,-0.350289,0.710104,0.355490,-0.607766,0.003425,3.782468
890,0.116948,0.341318,0.525329,0.173642,-0.925652,-0.336179,0.783691,0.326998,-0.528110,0.004015,3.786483
891,0.120813,0.342623,0.525125,0.149973,-0.932422,-0.328782,0.840647,0.297019,-0.452871,0.004084,3.790567
892,0.124841,0.343961,0.524875,0.131330,-0.939653,-0.315919,0.883465,0.266442,-0.385354,0.004251,3.794818
893,0.128916,0.345261,0.524578,0.098927,-0.941931,-0.320905,0.914993,0.235705,-0.327462,0.004288,3.799106
894,0.133059,0.346498,0.524151,0.089950,-0.940830,-0.326722,0.937750,0.206656,-0.279139,0.004345,3.803451
895,0.137513,0.347358,0.523634,0.079412,-0.939744,-0.332527,0.953818,0.181191,-0.239584,0.004566,3.808016
896,0.141890,0.347783,0.522965,0.082250,-0.941911,-0.325637,0.965050,0.158776,-0.208493,0.004449,3.812465
897,0.146361,0.347840,0.522166,0.085286,-0.943935,-0.318923,0.972801,0.139007,-0.185297,0.004542,3.817007
898,0.150819,0.347724,0.521399,0.093216,-0.944299,-0.315612,0.977952,0.122376,-0.169217,0.004525,3.821532
899,0.155128,0.347433,0.520610,0.087901,-0.951662,-0.294301,0.981149,0.109578,-0.159180,0.004390,3.825922
900,0.159350,0.347002,0.519779,0.087674,-0.958173,-0.272430,0.982860,0.101367,-0.153985,0.004325,3.830247
901,0.163418,0.346556,0.519003,0.085993,-0.960983,-0.262902,0.983519,0.097489,-0.152269,0.004165,3.834412
902,0.167499,0.346162,0.518216,0.083539,-0.963765,-0.253335,0.983459,0.098066,-0.152288,0.004174,3.838587
903,0.171592,0.346029,0.517577,0.081816,-0.965313,-0.247944,0.982853,0.103560,-0.152561,0.004145,3.842731
904,0.175615,0.346275,0.517004,0.085103,-0.967022,-0.240055,0.981861,0.113188,-0.152111,0.004072,3.846803
905,0.179459,0.346635,0.516486,0.090304,-0.967393,-0.236633,0.980626,0.125648,-0.150282,0.003895,3.850698
906,0.183481,0.347146,0.515795,0.109596,-0.965830,-0.234864,0.979167,0.140282,-0.146810,0.004113,3.854811
907,0.187397,0.347938,0.515192,0.123613,-0.963745,-0.236464,0.977416,0.156677,-0.141807,0.004040,3.858851
908,0.191298,0.348974,0.514618,0.144004,-0.960323,-0.238834,0.975399,0.174116,-0.135207,0.004077,3.862928
909,0.195182,0.349937,0.513989,0.160473,-0.958844,-0.234237,0.973404,0.190794,-0.126816,0.004051,3.866979
910,0.199102,0.350891,0.513357,0.178819,-0.956279,-0.231417,0.971689,0.205330,-0.116880,0.004083,3.871062
911,0.202967,0.351996,0.512723,0.195518,-0.954582,-0.224825,0.970607,0.217708,-0.102594,0.004070,3.875133
912,0.206791,0.353042,0.512062,0.198707,-0.951895,-0.233264,0.970164,0.227408,-0.084066,0.004019,3.879151
913,0.210384,0.354016,0.511574,0.218624,-0.942938,-0.251139,0.967148,0.243904,-0.071665,0.003754,3.882905
914,0.213872,0.354972,0.511205,0.231777,-0.934338,-0.270724,0.965887,0.252980,-0.055349,0.003636,3.886542
915,0.217578,0.356012,0.511038,0.248387,-0.927708,-0.278679,0.965086,0.258977,-0.039246,0.003853,3.890394
916,0.221383,0.357640,0.510773,0.440310,-0.873185,-0.208985,0.965553,0.259400,-0.020471,0.004146,3.894541
917,0.224944,0.359575,0.510436,0.344420,-0.890777,-0.296465,0.971418,0.237376,0.000606,0.004067,3.898607
918,0.228582,0.361085,0.510204,0.353150,-0.890326,-0.287410,0.978989,0.202971,0.019564,0.003947,3.902554
919,0.233495,0.362478,0.510330,0.273786,-0.950216,-0.148761,0.979499,0.177809,0.094688,0.005108,3.907662
920,0.237875,0.363702,0.510570,0.273786,-0.950216,-0.148761,0.973628,0.150996,0.171025,0.004554,3.912216
921,0.241964,0.364845,0.510706,0.209799,-0.975061,-0.072396,0.969280,0.231595,0.082830,0.004249,3.916464
922,0.245722,0.365577,0.511240,-0.075300,-0.917549,-0.390427,0.992689,-0.003287,0.120659,0.003866,3.920330
923,0.251686,0.364812,0.511887,0.262833,-0.728508,-0.632610,0.986181,-0.126470,0.107013,0.006047,3.926377
924,0.251686,0.364812,0.511887,0.262833,-0.728508,-0.632610,0.706228,-0.049844,0.706228,0.000000,3.926377
925,0.252111,0.364782,0.512313,0.408694,-0.785843,-0.464134,0.706228,-0.049844,0.706228,0.000602,3.926979
