qx,qy,qz,qw,fx,fy,fz,tx,ty,tz
0.12739364199004818,0.9716938785035554,0.17556102022730014,-0.09359591142768348,-8.799945570221787,-9.500057642870248,0.799892965052202,0.5000024152793305,-0.39999873876033765,0.09999291761012793
0.12628144164423433,0.9729910945149829,0.16631531843033748,-0.09838974715998056,-8.700154928036078,-9.388925678271569,0.8818153507419839,0.5000838276234656,-0.3926382924819005,0.10033473610605918
0.12477454711938689,0.9740819791798038,0.15765523022575445,-0.1036360873961023,-8.76157516917129,-9.236855937077015,1.1863573998320214,0.5003275635508904,-0.3374176852942208,0.0997442080233103
0.12249795200785472,0.9744431257103893,0.1513467886277678,-0.11202230171581759,-8.598035785571765,-9.215986317366118,1.0134810482473888,0.5003376920552974,-0.37846341044348764,0.09960945319050879
0.1205532952045975,0.9750668510619692,0.14378206097003596,-0.11848315457742338,-8.414716165657472,-9.054584151088541,0.889926144999049,0.5000797901346076,-0.37835020134759373,0.10042762465733683
0.11917096693236766,0.9765162046801933,0.13350020827634843,-0.11996698307270652,-8.374248565716261,-8.97474719797639,0.9616688589185481,0.5001275301947335,-0.35644732972314197,0.10028688790001147
0.11809117861747347,0.9778439833415777,0.12329409265765134,-0.12113704838379831,-8.380451090581943,-8.773557744816578,1.0794952371226383,0.5001104343207899,-0.32104521649757123,0.10020427194092607
0.11668545615522175,0.9790980552699975,0.11346991155500097,-0.12196754346979803,-8.399778124228796,-8.648942919372855,1.0946557954538503,0.5000995687594135,-0.30218892320039276,0.10020661786946139
0.11549084661851736,0.9802023139955242,0.10315473796877747,-0.12338714689849475,-8.290066416847152,-8.492708280464111,1.069754642419313,0.5002673992933411,-0.326592986188477,0.09518239332046802
0.11346441627868693,0.9801383739359054,0.09646908820036512,-0.13095155286825114,-8.258810127871415,-8.390559260134637,1.074655984210363,0.5002651570672123,-0.2997475507450165,0.09954672773516181
0.11152760745834309,0.9798956886603489,0.09014162510209188,-0.13871019985362365,-8.054874266327444,-8.295973847069392,1.091214512802337,0.5002472040881412,-0.31838736594601535,0.09985748157006595
0.10954049830762676,0.9804566356195731,0.08007079762561556,-0.14245817725796672,-8.02903901291413,-8.212843456980796,1.066161289639214,0.5008598888326784,-0.2996736746800003,0.10026996198260331
0.1081445501729684,0.9802935936716236,0.07211581009175742,-0.14875663484050014,-7.983731969043559,-8.07238418077179,1.1331302314133502,0.5002941879192964,-0.2996256784595332,0.0772607873456654
0.10614395045370004,0.9799932785898176,0.06457643909091665,-0.15548800344463867,-7.83775867017759,-8.021638420012815,1.1060413939406883,0.5015710603785347,-0.2997143116297322,0.08873174067083851
0.10471967389672268,0.9805875167871805,0.05406796689839305,-0.15671173145488954,-7.715041887322198,-7.83027600363421,1.0212059787185352,0.47948376797576353,-0.29976072271612825,0.07951856254296757
0.1028963812905118,0.9808640074983772,0.04387096799601244,-0.15935329202320908,-7.733014056881913,-7.708094926117362,1.0588416140171062,0.44796488887670705,-0.29975183665593214,0.06133615146932524
0.10141727179953004,0.9802694699014493,0.03488685212138314,-0.16603978712625728,-7.571387089199884,-7.564234212625803,1.0365198212190634,0.42177643891945754,-0.2997300608584197,0.04339857118109284
0.09983047780335987,0.9795587319348258,0.02613197085586785,-0.17267219373997977,-7.486649690540934,-7.458224076895592,1.0103797528613545,0.4121966234441978,-0.2997469644369981,0.03309360919654118
0.09877403575474099,0.9787593723730844,0.016903832378439253,-0.17885200950363564,-7.3862257400729865,-7.271581422587198,0.9916871743577751,0.40004382119968385,-0.29965917719714397,0.04882743767372558
0.09676292509743747,0.9779394281700934,0.008253108177239274,-0.1849413349209778,-7.288464540542047,-7.212899237830618,0.988468793107306,0.4001172206884622,-0.29981075417889635,0.04352861088979063
0.09451521634735223,0.9779126649600922,-0.0017427524627297135,-0.18641527942558092,-7.306745084862976,-7.079180122406354,0.9478048454336189,0.41217150686568527,-0.2709217175909967,0.04359274069086179
0.09259938713371264,0.9776611028741137,-0.011400661414622695,-0.1883458158514323,-7.238688544912715,-6.97160914632056,0.9279825071342651,0.4001003640482132,-0.3005849092249102,-0.00019220655375709923
0.09115561003865155,0.976210264897417,-0.018678800759885615,-0.1958450302396485,-7.154520846621545,-6.819259165691644,0.910293096550379,0.40012854131400644,-0.29982834388621527,-0.0003278411963166007
0.08977621693487337,0.9744677011629947,-0.0257282346614416,-0.2041837118973418,-7.0160894185697575,-6.743434100423298,0.852497101809003,0.40013611970372515,-0.2997634209971014,-0.00028990425152294717
0.08840956519215387,0.9725734005317332,-0.0325657062164431,-0.21265983198361557,-6.86455168386871,-6.5955295995072545,0.7764817715872021,0.4001351132900761,-0.25128972092265595,-0.0002904451098196405
0.08672352820726836,0.9706266054657343,-0.03953588885522412,-0.22090707528229228,-6.79347417158211,-6.5439369039700175,0.75773606825074,0.40006401874413283,-0.25500560778056,-0.00031180824358537264
0.08465823785050806,0.9685509487700436,-0.046608087247460094,-0.22928089454603182,-6.671239912824277,-6.361202382573215,0.6531738438727485,0.4000105312111111,-0.205917409907374,-0.00033014432667017636
0.08233066455418944,0.9664069419427337,-0.05341631877712215,-0.23754153558327507,-6.55723974468753,-6.385416057913616,0.6619865557296783,0.4000280567782403,-0.19922406244214255,-0.00031811482667534887
0.08044289244479783,0.9641358514582583,-0.06016309210652166,-0.24566522614353883,-6.470419135679911,-6.22265571609118,0.5426913805690001,0.40006907321171353,-0.1998637248880071,-0.0003445551517043844
0.07837739890449484,0.9617185085491788,-0.06710119122501082,-0.2538738343963262,-6.337626596451944,-6.198229323196272,0.47853843807592855,0.40005443104410476,-0.19889040717963086,-0.0002937368172071719
0.07689011678723676,0.9591656874776384,-0.07418711158327301,-0.2618880798755937,-6.304283549710011,-5.957214114179509,0.424437952682631,0.40007508503549605,-0.19984934106969124,-0.00040303475177187026
0.0753445138020705,0.9564683351748744,-0.08113283354096516,-0.2700166501705922,-6.2071585813704,-5.841965797177368,0.4386880377798301,0.40006904459350984,-0.1998615033064968,-0.00036645017711897193
0.07367991170154073,0.9536675671773945,-0.08765957116080351,-0.2782179748138263,-6.1704622969412934,-5.63170684527196,0.3968101423719858,0.3827787060758428,-0.1998081358718307,-0.0002920205801703391
0.07195284492729369,0.9506765605239058,-0.09450194858193613,-0.28654187668039466,-6.05434368860951,-5.4597901025140265,0.34088719114494004,0.400008056529679,-0.1998744642676716,-0.0003093653067151887
0.07027581751843036,0.947632207509404,-0.10128085271561983,-0.29461279272320656,-5.976500348790678,-5.29333008867786,0.35834036957808746,0.3928847363458981,-0.19988624604978758,-0.00033474814750872057
0.06839114142968734,0.9444712407205363,-0.10825729925410499,-0.3026170589771213,-5.958297643534332,-5.192892478135445,0.30412421983923194,0.3859436885935994,-0.19985925115359154,-0.00036710832220844796
0.06675235863606827,0.9412528103969472,-0.11519650634871206,-0.3103498581623993,-5.872849839214572,-4.969620808477448,0.31881415524050205,0.36004863516616464,-0.19986688297790509,-0.00034852590977142055
0.06560483984273785,0.9380663496209568,-0.12070421055956464,-0.31805348960703755,-5.797861690691701,-4.949700205424117,0.2176037975285488,0.3681997099753412,-0.1881726027411864,-0.0004755240358870815
0.06659293148002399,0.934563066345977,-0.12036460944004047,-0.3281304882104807,-5.5420245610087155,-4.746109669299266,0.2525889836093446,0.3569052034510705,-0.1349471524919458,-0.00041858576669228623
0.0677465011834809,0.9310493115517839,-0.11991375712561221,-0.33790276987376944,-5.523653533879888,-4.802737284481095,0.18065842076855412,0.35952423906480196,-0.17273791306412103,-0.0003712889552776468
0.07002293762927464,0.9279700668252759,-0.11554883019899455,-0.34729931056900165,-5.343270171761621,-4.86029484532322,0.004797444384453108,0.39256998171076063,-0.15949146612595635,-0.0004938619279861423
0.07324252948754295,0.9262326161367667,-0.1084595047714002,-0.3535041845628564,-5.225470494832863,-4.853657898213706,-0.06764557731334338,0.3998144040331293,-0.18211210464509583,-0.0005054362008953769
0.07646600723283051,0.9243671300433267,-0.10119539949059128,-0.3598025149373913,-5.208218619159051,-5.056871125614353,-0.17541998049942656,0.39981492929279855,-0.1804184790271083,-0.0005311119423887266
0.07976575265643218,0.9223837395939317,-0.09343196428174705,-0.36621869106630983,-4.96139006036672,-5.179965512307748,-0.224997638563861,0.3998933135216103,-0.1328207339043343,0.024782360278427798
0.08302016364460656,0.9202973689302543,-0.08589425437522923,-0.3725353436035265,-4.922989423664457,-5.301553446200336,-0.3000968644339146,0.39997638176676353,-0.1066752482963268,0.10098626992792589
0.0861896437684992,0.9180538396017699,-0.07826656472862797,-0.3789760384840795,-4.84799645694222,-5.459629869745086,-0.260128031188496,0.4222648871016001,-0.1004296432285414,0.09960119756508919
0.08927090307072562,0.9157566340593851,-0.07093252214648935,-0.3852130194361303,-4.785678999176331,-5.512627045960973,-0.3243300241956197,0.4224353967942746,-0.10059967017331503,0.09950393275421754
0.09258346683463847,0.9132637568767955,-0.06341710380771932,-0.39160679640272034,-4.718365055327289,-5.621731136731802,-0.43852933212983813,0.46473868499924825,-0.10052863663995133,0.09952923627607813
0.09610106678062823,0.910706021466853,-0.055616603335660826,-0.39785163171846455,-4.695956141392293,-5.7094085909328625,-0.3674402125937287,0.4553031029528866,-0.11780460917771397,0.0995199253879055
0.10013458410305619,0.9092495754431271,-0.046412471944565006,-0.4013529083873644,-4.534448870410633,-5.9690038920444515,-0.7004785561807343,0.499884341990303,-0.09882010410323716,0.10013257144760437
0.1042674628389586,0.9097285240252727,-0.036585127678754784,-0.40022973053067207,-4.662732117779927,-6.441789684211027,-1.0036771552550354,0.4998768998676316,-0.1339732431885702,0.09997425919766063
0.10859926992422746,0.9101802278388853,-0.026827868828303725,-0.39882128438338266,-4.630498346835581,-6.788995645289259,-1.0603942983114893,0.4998534412014312,-0.15677125081560397,0.09999379958218986
0.11280134350088761,0.9091996983084031,-0.01755784966994065,-0.40040415509241606,-4.608395268429595,-6.919707890981387,-0.8764218890653055,0.49996482355415406,-0.15125050641364682,0.09927156184933733
0.11572727741432225,0.9063975404008847,-0.009768758113950884,-0.40614685445341836,-4.603947945092929,-7.034435212897063,-0.8309834033278145,0.49995391023288316,-0.13069588380803449,0.09942945634738862
0.11850685841580859,0.9033825910268063,-0.0020706752998761006,-0.41213072081793684,-4.5839716754310755,-7.123440220401829,-0.8886093122225465,0.4999886218297947,-0.13541064707781886,0.09946484134296399
0.11712868484425343,0.8992237993076102,-0.003891448515903063,-0.4215000433853957,-4.488497805951406,-6.749086345688343,-0.7280955888442988,0.5002377298018558,-0.09946293150584513,0.09934277704351602
0.11298653474059744,0.8973105325457129,-0.011594112462854468,-0.42653654908581934,-4.392259523347353,-6.378469608891532,-0.529810611492425,0.5001134310359575,-0.09946381944322642,0.09996750341473895
0.10829512847675447,0.8985061991557254,-0.02165067702561277,-0.42484117433608987,-4.768117235454855,-6.375753488645978,-1.2257844424733497,0.4999846096939258,-0.10049733808832564,0.10093141398407343
0.10415805292500471,0.9000593088252641,-0.03085526139330288,-0.4220098262507767,-4.770748129570248,-6.071023839075549,-0.8256487632883629,0.5000966804491493,-0.09953748029338459,0.009540125965741162
0.09972796098296956,0.8996169507971519,-0.04010943721318675,-0.42324332089597766,-4.670654789060682,-5.757241983822999,-0.6955706557396939,0.5000894358700249,-0.0995517596026144,-3.0117072591925028e-05
0.09512922353435313,0.8991398182120852,-0.04975051132949486,-0.42429106136913053,-4.764532434251581,-5.428631754705147,-0.6102334742153123,0.48276301563486435,-0.09959215379059887,-9.629790404493053e-05
0.09042509864459729,0.8986235237067529,-0.05921835437656865,-0.4251967199790057,-4.832876961279546,-5.1692047999940804,-0.6189103807456029,0.5001968477115502,-0.0995195755562474,-2.012490131984391e-05
0.08624804780551902,0.8979502963963365,-0.06839358275971405,-0.4261089734900667,-4.946578018062929,-4.879029270986549,-0.6675536652079823,0.5011592054985372,-0.09980449606053653,-3.2795304922603726e-06
0.08221145993279363,0.8967196973006696,-0.07731062727084444,-0.42796977374541617,-4.831792562231264,-4.533508868678885,-0.3077000567933055,0.3994609231744273,-0.0998961403741103,-6.889459946550703e-05
0.08252238347931652,0.9010815854614075,-0.07559556869259802,-0.41895983406681325,-4.734493750274868,-5.557124110895248,-1.4062699459847827,0.5000114051868219,-0.12126546525069264,0.01680078749620557
0.08204010710497017,0.9053124756952649,-0.07654282657369939,-0.40965831845188283,-4.652773409033034,-5.847476371716155,-1.2047067206066486,0.4826483168453254,-0.1327261758248631,0.10059215187952622
0.0812585579908758,0.9096249740139829,-0.07790381082659015,-0.39988804641049114,-4.6874283738714,-6.0082177622777735,-1.093047780801656,0.45565323292008875,-0.15136986923017792,0.10054250889826956
0.08084166201586027,0.9138176994169523,-0.07888511345422895,-0.39010123915483186,-4.71028771401108,-6.136335921091352,-0.966979759597563,0.4185084217511579,-0.165599520297033,0.10054373157591631
0.0803493045435696,0.9179151079166162,-0.0794704337946846,-0.38034233799338757,-4.736139192962959,-6.190378641091909,-0.9307876613303332,0.4163150986171598,-0.1846228613852443,0.10048158376396399
0.08002239841469613,0.922073980691404,-0.0795393615649612,-0.3702019446811515,-4.888089366989468,-6.235525054276933,-0.8276145568846978,0.39990281418799484,-0.19995436117187404,0.10047456964011954
0.08067594909201753,0.926135670364068,-0.07804647146731618,-0.3601011796827416,-4.95057474370728,-6.196691833850803,-0.7460819118242547,0.39992011066634797,-0.19991641110573233,0.10048546301629835
0.08097703648610538,0.9297746878946745,-0.0762327253274374,-0.3509278001262369,-5.046120699887849,-6.20258258371347,-0.6444791738228441,0.39987994653105785,-0.1999908212563941,0.10048806318996624
0.08116644146805785,0.9336630849516027,-0.07468015715186184,-0.3407464258152123,-5.1094602254200625,-6.2024577109428165,-0.5269472298888467,0.40090431664606047,-0.20001867567381673,0.10039900771030882
0.08122321527866887,0.9371426241056477,-0.07348220450194352,-0.3313108163125834,-5.25185112952355,-6.23871393567792,-0.3958480803529627,0.39987388638265053,-0.20002419583247075,0.10045491877804305
0.08131151524881673,0.9407632613574886,-0.07212337491727393,-0.32117151548433687,-5.359237305134654,-6.299768226763145,-0.3136737097745554,0.3998675550357373,-0.2000195093704451,0.10048944689135474
0.08175595799399048,0.9439888585996177,-0.07019216421195573,-0.31188789373029163,-5.460521509970437,-6.224470997161066,-0.26901874547552074,0.39990342785639077,-0.1999837463968333,0.10041784802204227
0.08206012949820803,0.9474229985765314,-0.06871762280393365,-0.30155212688881416,-5.598250869032706,-6.299063013453768,-0.18512569548842003,0.3998824762314855,-0.2071890843996228,0.10043554152379806
0.08252575968757957,0.9504650462196275,-0.06700525989223809,-0.29208901049078007,-5.647373607813524,-6.263722382029269,-0.07293477789236363,0.39988372157859264,-0.1999900846362768,0.10046228065069555
0.08250826266616497,0.9536498945949252,-0.06613673025834818,-0.2817271695126928,-5.846792220276354,-6.332457722001415,-0.04512551835584673,0.3999182189214235,-0.19870096225764433,0.10051748985057181
0.08224214582872286,0.956559238766228,-0.0669607187342097,-0.2715638310362036,-5.937952490833022,-6.25380089533184,0.05524492505604985,0.39994049037850066,-0.24305217442291593,0.1005115141904263
0.08181101686315446,0.9593677404757855,-0.06784959578990196,-0.2613750722722989,-6.100080126154523,-6.218306320651967,0.20613307854869434,0.3999188747667853,-0.2782105876405901,0.1004992426522455
0.08079168782952742,0.9621720124801781,-0.06876512236469601,-0.2509364053374255,-6.236403314340828,-6.182548900563118,0.24937260317528503,0.3999066007133385,-0.2847156754158308,0.10046871053809256
0.08043298181934896,0.96482745818904,-0.0697993774983615,-0.2403467458921916,-6.3250937361256545,-6.167806322045848,0.2795206137075654,0.39998105054207445,-0.2998718003750013,0.10045922157130681
0.0801876330874096,0.967294831829958,-0.07087552220756403,-0.22997241609962102,-6.475295490616218,-6.120727892464981,0.38633725168589805,0.39994046412394807,-0.29988157622789724,0.10046705630535113
0.07970610195286501,0.9697159400219866,-0.07203076365445638,-0.21933878377092839,-6.606787774222479,-6.154862910476233,0.4646111865110409,0.39997397112188937,-0.29988436093578175,0.10044991161031572
0.07950018933644246,0.9717954491494453,-0.07316292780721013,-0.2096199200996287,-6.697435736185712,-6.113656936178017,0.505176680773291,0.3999743891149428,-0.2998837667571465,0.10045002110039698
0.07956171272471697,0.9739018960045562,-0.0741205670406402,-0.19922643491418027,-6.892224772229418,-6.064086460685312,0.5254893503061102,0.39998033137143585,-0.29985678307094105,0.10050689734411039
0.07943874412432829,0.9759743024856912,-0.07496576720079706,-0.18853058257883268,-6.971035765223669,-6.066709818011661,0.5965936826778508,0.3999834544592008,-0.2998659160038714,0.10046721270862503
0.07910662568820895,0.9779595035472426,-0.07573085087298102,-0.1777700464642754,-7.158780527061226,-5.953004587522882,0.6774989968338356,0.3999568829186941,-0.29987744664699134,0.10053855504153397
0.07839341614401847,0.9797464695636129,-0.0765693693488596,-0.16759611976542102,-7.280023042317076,-5.966855132890791,0.7456840552692543,0.3999213487836483,-0.2999290957364703,0.10052584030570116
0.0779063702947916,0.9813465282608385,-0.07749413404514588,-0.15774741876329731,-7.429549988238705,-6.018081400569069,0.7436051123681939,0.3999428337542868,-0.29992424277625634,0.10045481929649942
0.07807000744766199,0.9830589536618558,-0.07307333405656614,-0.14886388216164712,-7.521046983254208,-5.85423409294868,0.9405608792278838,0.39992099267784276,-0.30241019679134273,0.09597705071652324
0.07756241270772905,0.9847766951504882,-0.071363133061092,-0.13822530905425176,-7.597665367792937,-5.864324193964661,1.0072291154728485,0.3999554023682363,-0.3015307276598503,0.07905118883014298
0.07820338521774832,0.9862776684796676,-0.0647475045621717,-0.13018583583388416,-7.839604216071464,-6.0973937543047585,0.8964445871601515,0.3998781666817065,-0.3394637217343473,0.07695433175593946
0.07884239981176827,0.987623532614416,-0.05824024379908324,-0.12244062977772599,-7.919523581094485,-6.187249673881755,0.9819167196485628,0.3998753005079575,-0.39380424322195184,0.0836239459731423
0.07966432747302059,0.9889513294686426,-0.05237650777674905,-0.11351459951736483,-8.010351016376298,-6.201067985572282,0.9675947737665499,0.39990169933300346,-0.4000849202700912,0.04511792136090094
0.08026509272512741,0.9901123326283725,-0.04594197055324655,-0.10547236134985545,-8.128012007084411,-6.404344514080658,0.9906192419356359,0.39990299816149405,-0.40008403577596235,0.03579975701558829
0.08041186942033236,0.9912333243113883,-0.03904439352580615,-0.09729318252130248,-8.310077645410932,-6.389109388440054,1.0371578115747209,0.39983547906436484,-0.40015768168315324,0.016343207494602767
0.08051904454233234,0.9922118004730803,-0.03231037633459179,-0.08937821909769217,-8.358505254858565,-6.47446794337937,1.071766756196925,0.39988726689526466,-0.4001112675289377,0.00352191023079162
0.08060604538276248,0.9930907828569835,-0.025559016373938866,-0.08136399163175467,-8.543069099220865,-6.5734654231502745,1.1078037810957382,0.3998415492733555,-0.40015381653329546,0.010916665380216671
0.08110520159593133,0.9938195428068332,-0.018582534141968313,-0.07348028330214208,-8.632014469950985,-6.677371939085267,1.1127848881824531,0.39999821592904067,-0.40000182099959647,2.6304042809184292e-05
0.08161393177925048,0.9944342012112872,-0.011730510374346003,-0.06559101102405875,-8.756008193166007,-6.729897192200705,1.147095090975202,0.3999376332897214,-0.4000542410874614,0.015465806591668945
0.08205848365781818,0.9949395231556694,-0.00479085176378458,-0.05778233520658649,-8.882361645648889,-6.80571514264773,1.1593953585181869,0.39987790864071093,-0.4001110044659543,0.021879898071819323
0.08266158996924576,0.9953112575440523,0.0021365812451861342,-0.050179648966652106,-9.010408019051503,-6.940752596926423,1.1775035024801903,0.4045559318742902,-0.400055689386803,0.0037366022188357806
0.0832913700290974,0.9955934270968543,0.008985625511425477,-0.042137087397982664,-9.09120007070786,-7.000994313975779,1.180190346560087,0.3999705562116566,-0.4000294116872692,0.0001182822282380416
0.08356990276823928,0.9957984917853993,0.01569435865451282,-0.033987088955286536,-9.225050571039299,-7.11660368945511,1.2407650513506905,0.39895213769717663,-0.4000477698818424,0.00015659722511038687
0.08446088239585973,0.9958284021375724,0.022809234569885872,-0.025920873044287883,-9.340484287346793,-7.148690640197704,1.1772347904630613,0.4244066456442586,-0.456081901972135,0.0002244334330108505
0.08498146636112829,0.995783736002869,0.029487792636374015,-0.017982535213789445,-9.4636050072548,-7.298789093920096,1.2209745186795327,0.4534891743023042,-0.4434679017627243,0.00015915207158531493
0.08548680640539795,0.9956303039239631,0.03622354755007851,-0.010007918953016845,-9.603669163054601,-7.345121299569129,1.2241938743396363,0.46884297502266487,-0.45325997367794907,0.00016818036079642052
0.08623898596968808,0.9953372218124719,0.04315671697264278,-0.0020371435132336886,-9.659182404420314,-7.435637305794691,1.2126776540522823,0.5024759889558401,-0.5023746215944773,0.00019487720591775223
0.0866002327381389,0.9949745328980475,0.04989954607095674,0.0060094821677847115,-9.833422005109066,-7.547338118368794,1.1673658046981554,0.49998849013821556,-0.5011116006072373,0.00017560667232624716
0.08732480228885273,0.9944608968212527,0.05675066371324392,0.014186816654518227,-9.93941120841548,-7.563740133603966,1.1787215753730866,0.5000458936723856,-0.4999539264200658,0.0001906774584197274
0.08781050999495611,0.9938685794473164,0.06341234359678477,0.02221341489645595,-10.091849840157105,-7.6951402802030495,1.1724125894855253,0.49985828158182477,-0.5001416450686051,0.00014588078734247898
0.08823516764211543,0.9931697651349268,0.07006499854141959,0.03031944577978152,-10.199124674790488,-7.782807338422914,1.1498791827871846,0.49990628464252046,-0.5000936618102837,0.0001551488459778045
0.08874183641387913,0.9923394053334609,0.07698558763117772,0.0382179328248896,-10.330853262581238,-7.891397744840919,1.140005708874527,0.5000172938389785,-0.49998263168358104,0.00024890917356849466
0.08921925028714994,0.9914080610619493,0.08364243233245879,0.04641040134598119,-10.431328144590248,-7.942311752538043,1.0958345181056728,0.49989156250568395,-0.500108375357383,0.0001634383563302714
0.08980596897837954,0.9903280028814171,0.09053224785726954,0.054674004267732376,-10.518786041376313,-8.032164149971948,1.0892787330268465,0.5000131731650057,-0.4999867546557871,0.0002447637782640643
0.09061666486688492,0.9891317842834757,0.09724832573376907,0.06284661097122916,-10.691431144573988,-8.139171194173702,1.032353238580118,0.4999953121380917,-0.5000046392429089,0.0001914538384450848
0.09102104117413487,0.9878632081456239,0.10387134189978228,0.0710788040680969,-10.836533048577724,-8.187081576561578,1.0054329175555767,0.4999155480153318,-0.499753318652468,0.00015835151848614807
0.09130256595145761,0.9864692674307839,0.11075460136290886,0.07921896327392491,-10.946974518075704,-8.228239816459784,0.9649091988865622,0.4999374220675254,-0.5430114867444924,0.0001979565098492042
0.09178770002676806,0.9849820971152796,0.11738178982939675,0.087216981733085,-11.054809097260971,-8.351006806151615,0.9198605533117489,0.4999332440001625,-0.5596604290501465,0.0002494034651961291
0.09198709104414203,0.9833934821397414,0.12425043334929728,0.09506557830688675,-11.196026863260714,-8.445174040492402,0.8856710727271112,0.49984481972685635,-0.5756628526736343,0.0001829720275071495
0.09235572721860716,0.9816602498799104,0.13107706040477332,0.1031134214895297,-11.27794912837174,-8.502912802651462,0.8508459674019223,0.49998137374972573,-0.6004014394769334,0.00021877643503309536
0.092901989937744,0.9798326114954469,0.13773900575975612,0.11101909749197965,-11.379550246813706,-8.607370436816284,0.789550390333879,0.49991152823582696,-0.6000566879218833,0.000185311379211164
0.09334219475030428,0.9779337878106692,0.14421951847928807,0.11888427914184355,-11.516578284067267,-8.660199676775136,0.7678241168424171,0.49990960175336246,-0.6000752915865485,0.00014211449768674215
0.09353025533606943,0.9758757038815299,0.15071176840022046,0.127297544266088,-11.568349806303022,-8.761145000701692,0.6782502787426661,0.49994423900069423,-0.6000464495493927,-4.4362938775084416e-05
0.09376093051583609,0.9737236430176328,0.15726879732908464,0.13541669145248436,-11.753980194221372,-8.80805859928305,0.6476271581755353,0.49988224121580316,-0.6000980981850351,5.627304103144887e-05
0.09386450606664033,0.9714876802772949,0.16379366632735273,0.14343213183017858,-11.8223616851374,-8.875691932324369,0.5289734891734688,0.49987785425201947,-0.6001017534282814,4.533855501704046e-05
0.09398677851990274,0.9691351509984003,0.17050973243374207,0.15122822391383273,-11.961291824753332,-8.961510394035507,0.45848811684553287,0.4999015343174411,-0.6000820114608179,0.0001456128182958817
0.09402805228641845,0.9666713516867165,0.17725465426474815,0.15901575630384465,-12.05534732430504,-9.00105858273802,0.4259228220625449,0.4997894713738698,-0.6001753363056407,0.0001889156537487896
0.09411267142376069,0.9640896362045782,0.18404091080347496,0.1667420810444526,-12.16903962644012,-9.125698068769452,0.3714821397964398,0.4999655456057035,-0.600028673131956,0.00017413093068117746
0.09476593239203593,0.9613582302397331,0.19048517382026797,0.17471453792646618,-12.262449566707673,-9.171978440980789,0.2695639183522753,0.49996193307714304,-0.6001012017000977,0.0001007477111283788
0.09511213611009468,0.9585184515714243,0.19716389500561401,0.18254440026445368,-12.324122744304216,-9.277252275613542,0.18866342093625765,0.499972189491662,-0.6507338223162227,0.00010491982524356401
0.09554014495714958,0.9555436834010791,0.20390304969954204,0.19034677863597105,-12.480545146199852,-9.315695837779673,0.06902130546745358,0.49990623665485573,-0.6817631614675532,0.00014447555150466095
0.09596348554526202,0.9524974565012327,0.2104086998499931,0.1981610048120519,-12.502392224213049,-9.408644449492174,0.04075707165955795,0.4999660210468762,-0.7000241183411009,0.0001264344667549128
0.0962606042202327,0.9493961832527833,0.2169636243579492,0.20568803807141084,-12.684268166808149,-9.404308506337308,-0.0628759045654728,0.49987434804646824,-0.7000896512620759,6.129058953534357e-05
0.09667089810957202,0.9460623205164158,0.22344539268633828,0.21375916271596754,-12.747101263939935,-9.500179650594456,-0.10035373213295036,0.49998575094789105,-0.7000101656608441,-1.1456384030289599e-05
0.09683824813133453,0.9427159129199204,0.2298242710389374,0.2215623290810877,-12.873544493145136,-9.573388147389188,-0.1929718475363626,0.4998767280820241,-0.7000880230360013,-5.852605197555312e-06
0.09706260910820468,0.9391802414201695,0.23637453084627336,0.22944804467736082,-12.981028478870607,-9.593166241575396,-0.3040269661024861,0.4999104262335977,-0.7000639605355283,1.4592889915211341e-05
0.09721359842443797,0.9355639277129065,0.24277877614266177,0.23733545731399472,-13.095298864033346,-9.700513912935783,-0.4112580401974897,0.49997383865288497,-0.7000186724843594,4.633177853507179e-05
0.0975202142418583,0.931916364690822,0.24909115845707802,0.24489853371177175,-13.150058268546092,-9.710592502507886,-0.5076115938258909,0.49988921567958633,-0.700079096473462,0.00011848564741310559
0.09777516378096286,0.9280964741513484,0.25538944233755995,0.2526918771111396,-13.268323143325942,-9.83747095114645,-0.6059652085671828,0.5152516122223454,-0.7000040283869307,2.5621974738332706e-05
0.09809469579198253,0.9241215155378452,0.2617121956664402,0.26054477890943334,-13.327056485641554,-9.833496245568801,-0.7240396280498543,0.5502675238428447,-0.7000273809714569,0.00012828595005553425
0.09831912908193376,0.9200594415360563,0.268056396944066,0.2682717669720309,-13.398518535363175,-9.918010288016003,-0.8515765494956633,0.5504658204841791,-0.7000377532922609,0.00015575893090055449
0.09864268686954573,0.9159461085957435,0.2745019606121345,0.27561026848716175,-13.494122436688635,-9.923744909898943,-0.9292314268764116,0.5974457257345527,-0.7000531382227585,0.0002609027821243424
0.09903707390744708,0.911704710192624,0.2807572101413186,0.28312818361671055,-13.579072515276447,-10.012085236869606,-1.0438336841328422,0.5999941088488242,-0.7000073261141577,0.00028960908350677807
0.09941003197670747,0.9073371875141912,0.28712321313779576,0.29054626855916676,-13.684467894227641,-10.054858505303995,-1.1067213728954979,0.5999499102697643,-0.7000436013454664,0.00023295653765849868
0.09985049050880217,0.9028935326812888,0.293296305088284,0.29797722330576604,-13.73023603040423,-10.136924773762003,-1.2533223795511097,0.5999637863450814,-0.7000240252358589,0.0002812786418651446
0.10042694089438113,0.8982415893868073,0.2995891362647311,0.3054878493010992,-13.904316936668796,-10.14420620950625,-1.3666210666968135,0.6001215993807965,-0.6999818058214936,0.00023042797462192668
0.10066844953329733,0.8937132433024142,0.3055482785439975,0.31270233688484234,-13.851278017656844,-10.213709016506153,-1.3880634279733755,0.5999131964288238,-0.7000743370527298,0.00025033046273628456
0.10080611977205114,0.8889956759260543,0.31158088431647457,0.32006587904655587,-13.946329342828788,-10.211373383617651,-1.5816003943794577,0.5999669644588642,-0.7000282826850339,0.00016825503779928027
0.10125800763708065,0.8842542863745861,0.3174048210036256,0.32725426280064973,-14.073892918385724,-10.250587502107376,-1.7473786254933232,0.5999994986018634,-0.7000003702792555,0.00025806417266024137
0.10152043568792313,0.8795410381737606,0.32321702078187486,0.33411363453598664,-14.108530059659874,-10.243918741084869,-1.9169909394348135,0.5999128542530648,-0.7000746483032015,0.0001934316131556471
0.10104505545458278,0.8747535462505202,0.32972094112201356,0.34041185507548477,-14.025177011481864,-10.265569097708674,-2.060285705722505,0.6124059664248999,-0.7031230892972575,-0.00028143589345782413
0.09640207919755961,0.872711009444948,0.3390480684596166,0.33782915859021195,-13.963355450165615,-10.54105058032736,-2.0169516066768907,0.6009721028565853,-0.6991641756577466,-0.0006972244296183178
0.10267034918642705,0.8709698953554686,0.3462322181867516,0.3331568577590785,-14.04025140378588,-10.53523189369501,-1.954937594024056,0.5996207871865638,-0.700346024912046,-0.0008229857052364638
0.111803755484823,0.8700216933005892,0.34973870001346263,0.3290061020083952,-14.225463495872841,-10.576455121764777,-1.9565867046850058,0.5995386406190718,-0.7003947010463337,-0.000815145110764506
0.12035933465544757,0.8689880386204206,0.3530952856356955,0.32511096345367857,-14.223306402968586,-10.59800089845183,-1.9520382246040358,0.5996194352413738,-0.7003255694350451,-0.000782934859999599
0.12909525626840387,0.8676957457603985,0.3563796907903946,0.3216084942759498,-14.182193852498608,-10.602138450129642,-1.9076825388801462,0.5996252401607364,-0.700320589621484,-0.0007914702115391529
0.13854969424579697,0.866227749475787,0.35995558665914446,0.3176246903113495,-14.228839927663577,-10.660981553806296,-1.9171959196505857,0.5996296648743026,-0.7003168453943245,-0.0007512458804806377
0.14717738885182752,0.8649576770541951,0.36316384824810477,0.3135267970068848,-14.210677150896837,-10.663693192526294,-1.8512976982580283,0.5996118663107314,-0.7003320719691463,-0.0007629295274678267
0.1558087739427668,0.8635291811670434,0.36632478820617687,0.3095918745398968,-14.197402805043724,-10.66465329345461,-1.84706620175841,0.5995189434403646,-0.7004115117972587,-0.0008566847301600234
0.1647053577437521,0.8621394232403465,0.3696340259852186,0.30489087696955464,-14.198334790748856,-10.71367480244506,-1.8329205875084,0.5995061315884198,-0.7004226294918772,-0.0007222148380564593
0.17322762914387238,0.8605908552231397,0.3728675148106919,0.3005750901295654,-14.214422071589507,-10.667010291849172,-1.776803132090561,0.5996058291330221,-0.7003372441605771,-0.0007598828653126499
0.1819045957190895,0.8588234186603643,0.3760121314651809,0.29656016355507175,-14.206729403437675,-10.646905738145296,-1.792494608138782,0.5996320305318626,-0.7003147658191877,-0.0008000290939281907
0.19037770411347427,0.857079355141218,0.3790375686961442,0.29240696004731526,-14.205739980282297,-10.745579465604614,-1.8234754049411777,0.5995512741417134,-0.7003840057672971,-0.0007053021355410795
0.1990257999373616,0.8551451510279905,0.3820291131602027,0.288390808332439,-14.239827763423483,-10.705371070740977,-1.8032429933690217,0.5996284327205191,-0.7003178674875078,-0.0007813204098207789
0.20754892491811575,0.8532062450301896,0.384891390096268,0.28429063480280325,-14.228931649802071,-10.680649189257188,-1.8337080193892894,0.599533410321043,-0.7003990506454981,-0.0009181908321465752
0.21622553048763102,0.8511286527380463,0.38783177494838383,0.28002330401958886,-14.195829475268198,-10.754596032343702,-1.8220627149196427,0.59952676852084,-0.7004048482316919,-0.0008280768075851529
0.22534536508192274,0.8487990804309601,0.3908906437539267,0.2756158415644724,-14.257438188782983,-10.72286450494012,-1.8279675918768046,0.5997281715525492,-0.7002323966029989,-0.0008332493961233184
0.2344178271672917,0.846324151111322,0.39387884572981713,0.27137274814987045,-14.160118697431832,-10.754972964066493,-1.8051691972371757,0.5996241518602953,-0.7003214372839327,-0.000862726542867517
0.2432845503546959,0.8438871442094241,0.3968832250795026,0.2667411124053975,-14.242356786735959,-10.777121277692517,-1.8225004140601684,0.5994993743093839,-0.7004283181184003,-0.0008091298941408829
0.252278017779679,0.8412765283618526,0.3998775756615538,0.26212121061757565,-14.210301032521906,-10.714409137121505,-1.8036115771632923,0.5996080556156116,-0.700335169455673,-0.0009018730834643996
0.2611591185991783,0.838528756458785,0.40261525765545003,0.258004638848257,-14.179149593575325,-10.755321797498556,-1.862003450322486,0.5996277984083495,-0.7003182617375882,-0.0009049660204192393
0.2703321220749445,0.8355815049334501,0.40548098121079723,0.2535927172927828,-14.224076818907447,-10.766064586424491,-1.8110850014724431,0.5996466460730256,-0.7003021231127052,-0.0009052778073011148
0.2785772019576083,0.8328240375841528,0.40815425920758514,0.24941725213426416,-14.230248658835139,-10.736096485702786,-1.847965374661725,0.5995881620663637,-0.7003522665620824,-0.0008496716620549747
0.2875477208720905,0.8296819138823603,0.41105015126186806,0.24491223559750008,-14.220013642580279,-10.784228674684321,-1.8389081053730425,0.5996371830704266,-0.70031031036428,-0.0008373694220289532
0.2958918540253485,0.8266601978190296,0.4135769193718915,0.2409046695813532,-14.220856739570102,-10.751911509677447,-1.8703534228101537,0.5996859853227635,-0.7002684562533765,-0.0008896598666962598
0.3047762590482519,0.8234661570977658,0.41627692920017845,0.23606871510401406,-14.216955894973049,-10.75792262062891,-1.8463282488664439,0.5995319289197428,-0.7004004615006928,-0.0008019015452583159
0.29549022467435826,0.825944152807417,0.41532534608445804,0.24084567769623905,-14.104417114968582,-10.96624397518094,-1.8382534240851305,0.616281471986171,-0.6990982916354994,0.00010295597050425814
0.29523010212628326,0.8215983712715592,0.4245569680873674,0.23993058156660138,-14.055000846873028,-10.738648206687404,-2.1796051355993225,0.6095070232253758,-0.700283594594968,-0.0010331194883056024
0.2997677960748394,0.8160685388561701,0.4326055190825517,0.2387967193763451,-14.096038265879585,-10.917200555698447,-2.248534797765872,0.5988364978005561,-0.7001938937753556,-0.0008973683218426865
0.3062604425175132,0.8093500730231102,0.439283838566608,0.24121921528072646,-14.229021637365483,-10.903323433965184,-2.3571711892510976,0.5979380656064953,-0.7008411126458315,-0.0003519751698872213
0.31275709972965715,0.8030056673559123,0.4441770648452451,0.24509514444077052,-14.326842731895107,-10.797058987390736,-2.453035642283105,0.5989731551848358,-0.7008786980269396,-0.00043973609264962027
0.32128436184097586,0.7981022633648577,0.4455893054867682,0.24750617544648879,-14.666106030188896,-10.797335809187118,-2.273821450396101,0.5995916409615099,-0.7003489896339613,-0.0009414810701523955
0.32521890014023536,0.7968626902834376,0.4498198000752843,0.23854699177740457,-14.39357545690765,-10.884463528814475,-2.3202311804670597,0.6003850748853385,-0.6996649158524091,-0.0013672725114613165
0.3279699172261663,0.7959522827668517,0.45424667830201804,0.22925019564764237,-14.21083026619681,-11.044682599180296,-2.361235458146483,0.6003588923947548,-0.6996908619696621,-0.0013716082920799122
0.33046136246573676,0.7960433576764454,0.4572032911542427,0.21926105713105679,-14.094238494615414,-11.193651364788904,-2.176095278712524,0.6284923626340885,-0.6997672506648696,-0.001433548922527733
0.3336964478136527,0.7976553141497765,0.45652295507814006,0.20971283225376125,-14.19292228635355,-10.997820768562931,-2.152117258072851,0.6003560313055752,-0.6996907583787562,-0.0015692767589020498
0.3363062756516707,0.7965398560934939,0.46058373328328583,0.20071116373208903,-14.012977922791524,-11.203012893605823,-2.2083070551507324,0.6339993647075702,-0.699613716388883,-0.001491981298553223
0.3388993954111966,0.7979717951768202,0.4604785715552551,0.19065072522977752,-13.866660065038051,-11.353476604603753,-2.056141246829668,0.6002080076337973,-0.6998113937414039,-0.0013476361486352395
0.3427815472975447,0.7997075240539727,0.45830130020489734,0.18146240666944335,-14.064366928885285,-11.173629640356976,-2.0113282922943547,0.6010859273000974,-0.699936551893878,-0.0012501772540693965
0.3498264480033386,0.8005752062183352,0.45410274065638023,0.1746181445159744,-14.02737099036224,-11.14834400490041,-1.8652590403934801,0.5992691145134459,-0.7002966832202848,-0.0007436793573852903
0.3571912874598864,0.8011388797938142,0.44959921129572256,0.1686755128870977,-13.958133850221241,-11.125681036339476,-1.809743588260191,0.5996905066555828,-0.7002645967617956,-0.0008925949692329791
0.3641547973625642,0.8018487181575683,0.4451086031238434,0.16219817561253644,-13.721330995432798,-11.156657435622659,-1.6967540864238502,0.599560986588601,-0.7003755823697473,-0.0008064067471685048
0.37023558241558546,0.8028811265723177,0.44095062883793507,0.1544993625708144,-13.68308293263369,-11.255547224644372,-1.7376117681000658,0.5985502841539355,-0.7008445085903945,-0.0005130594310382636
0.37751321420022754,0.803263142596536,0.436054243952572,0.14869025920046366,-13.684826745753043,-11.180172220398537,-1.5800074648780955,0.5996087100845287,-0.7003346605536785,-0.0008740537044639653
0.3844337118362468,0.8037472833728635,0.4311663853572292,0.1424660444194645,-13.687713740091192,-11.146375212406179,-1.480984398270303,0.5995975297875185,-0.700344223075028,-0.0008687858441228533
0.39100403968798175,0.8042708978919659,0.4264139505505158,0.13577667887981537,-13.629569576083103,-11.108041095506874,-1.3948574597964902,0.5995766980456874,-0.7003622863612572,-0.0006590251607675208
0.3981904251210514,0.8043670802022407,0.4210304382584028,0.13103951956862364,-13.583579133335961,-11.023483012378971,-1.276955235348263,0.5989529598456189,-0.7008960910503784,-6.894324994732059e-05
0.40638165695571327,0.8035470906152651,0.4146816088771602,0.1311685378157503,-13.709930881731669,-10.921652154415879,-1.1846778084798955,0.5990309949497815,-0.7008293464484492,-0.0002784902405839668
0.4142713226504226,0.8028980126855972,0.40810257449028114,0.1310966862639651,-13.646444703782194,-10.864849679828621,-1.1470049698478553,0.5989926742717159,-0.7008620551805574,-0.0003729445035745706
0.42225286755739927,0.8020848681679754,0.4015314530555826,0.13090023797758163,-13.701109487034222,-10.748878952526672,-1.0477842385400775,0.5989532111652665,-0.7008958676748797,-0.00012969885352274207
0.4280535466854677,0.8029296829275668,0.3932014238359183,0.13216174082250795,-13.72061851083075,-10.631131416597144,-0.9573420222239225,0.5557029253372328,-0.6999234924094382,0.0004949596796500746
0.4317440128624925,0.8048717761828647,0.3842163224887385,0.13474549638062924,-13.74393167374338,-10.477060832643385,-0.8659295458073344,0.5561395967251317,-0.7004614457714107,0.0006324448836003226
0.43353816810760876,0.8088674816989346,0.3746417497090608,0.13199095885270282,-13.659594953128554,-10.433964683659129,-0.726405297449029,0.5301634464864488,-0.6999525290488363,-8.954760957935066e-05
0.43581265848237877,0.8123732554939738,0.36470920840830834,0.13078307905394088,-13.56428850160691,-10.32946414633789,-0.6328745589244628,0.4987622503136406,-0.7000839372433852,9.930258311696492e-05
0.4366475904533334,0.816568740764853,0.35594799560213475,0.12591821863345637,-13.452341888499616,-10.314592745447948,-0.5206511758384847,0.499959873562786,-0.7000286478192694,2.3101112467283473e-05
0.43795538974030496,0.8203725017576926,0.34713042824689266,0.12117962181147023,-13.33216929105596,-10.291690788881377,-0.42169117452553473,0.5000670368350497,-0.6890420828809705,7.75078502554354e-05
0.4389985050674782,0.8242413214083688,0.3381384961094002,0.11648568186853944,-13.25221508262981,-10.186163403707598,-0.3352607319598118,0.5001526298676152,-0.6573093234966578,-8.939528759140606e-05
0.4398013880013327,0.8279998990779212,0.32942594420983323,0.11166670730577402,-13.163911207686011,-10.120855565288947,-0.20902533758323194,0.5000458484017044,-0.6218838131839198,-7.68223054404364e-06
0.4409858742262338,0.8315217177900087,0.3204009009269724,0.10698763602240144,-13.079036276523723,-10.136589848918213,-0.11150047272393661,0.5000263682167844,-0.6040031893706288,3.799447473075357e-06
0.4417057816289655,0.8351829343869397,0.3114036392172073,0.10194725139328076,-12.906934415058474,-10.025970458950658,0.0015080935178818187,0.5000390617359229,-0.5988752295417756,-5.619451150951632e-05
0.4427619870903618,0.838511206534589,0.30247614177710624,0.09679340349082788,-12.835173141924184,-9.994561848034438,0.06235637899652204,0.5001258697630008,-0.5998950737427243,-2.4246042349318315e-05
0.44378301092119155,0.8417749829202872,0.2932925070301448,0.09192944396244365,-12.72332415559472,-9.918481495654595,0.1736089994026592,0.500051596725561,-0.5999569855240678,4.275483396237941e-05
0.44480143188823973,0.8448066770609194,0.28444044358171394,0.0868734633734439,-12.600801660876238,-9.894620626706132,0.2578347737698783,0.5001011897226005,-0.5999156486090595,1.6938022543134574e-05
0.4457098491401216,0.8478842380659694,0.27508121643985645,0.08225189104664701,-12.494962521189027,-9.81558099895066,0.3470486955345323,0.5000402123439951,-0.5999664739038846,-4.387706822050255e-05
0.44630724894010215,0.850960213592921,0.26586758545537414,0.0774014304101514,-12.344705848278544,-9.72333167919128,0.4263944848641444,0.5000240679730894,-0.5999799297533377,-3.2182430445789585e-05
0.44657067565218594,0.8541153993322569,0.2565423715009529,0.07243982258203464,-12.26354489361854,-9.577563573686941,0.5013903318556043,0.49996837541873335,-0.6000263282984432,-0.00012093273794650292
0.44642535550971996,0.8572877626870121,0.24743926357455331,0.06734912580576115,-12.130733700325973,-9.5564621134403,0.5832193229790055,0.4999747594121352,-0.5827003535694555,-6.496683014033755e-05
0.44670389093902885,0.8601168412419713,0.2382002609331927,0.06257226960263332,-12.038825855945202,-9.457158572043904,0.6311649944406986,0.5000108820659441,-0.5625311047732167,-0.0001621636143187414
0.4472647238785322,0.8627090909663407,0.22873081647790186,0.05804743518229479,-11.880434548504542,-9.397504628266272,0.6919209350500488,0.5000050852582457,-0.5720901961671785,-5.528555899790738e-05
0.4480758742661692,0.8649919380937887,0.21952694004012077,0.053149605172386725,-11.78750450716615,-9.27879143630526,0.8030296917511712,0.5000998491461744,-0.5425317878015828,-2.9328613524844706e-05
0.4483719394099235,0.8674215694094447,0.21027641288504398,0.04823126638642617,-11.697792724687979,-9.216574190449695,0.8416100368289111,0.5000474080130947,-0.4999525536952589,-0.0001478322414947773
0.44856650006037085,0.8698038704771731,0.20087501621677897,0.043342240210068175,-11.592288566004052,-9.187850106781518,0.9018723837882617,0.5000264373387135,-0.49997352959466246,-0.00014052074666511728
0.4487842115013724,0.8720236175544256,0.19155935992363662,0.038373865586243,-11.411594343208444,-9.075403998787461,0.968051364289661,0.5000585362710607,-0.49994142782660345,-0.00013085951554950122
0.4493634517324126,0.8739152134630328,0.18225676364367002,0.033573204064086495,-11.328425841739557,-8.95679094607342,1.018083137322372,0.5001792350909565,-0.4998206678695976,-0.00014433740432778054
0.44997212223669564,0.8756355708264586,0.1730704504190628,0.028880019130343163,-11.233864298378958,-8.909685921167343,1.07332237680357,0.5000753176718771,-0.49992464694874206,-0.00011003462331126333
0.45056688501891856,0.8772314068399779,0.16396152222373925,0.023898958303156845,-11.015932773096162,-8.820050755158341,1.1246269072880315,0.500035770386098,-0.49996420418335047,-0.00010463633179260079
0.4507966165976927,0.878974632131957,0.154349166109762,0.019035268681709884,-10.98030064967697,-8.723925040384065,1.141067727541644,0.500071303641187,-0.4999286365400656,-0.00019421860445778007
0.451108800763071,0.8805089020169216,0.14492116795369314,0.014240028862210022,-10.816406240956304,-8.682983599374364,1.1781725050269616,0.5000382474792388,-0.49996173716982606,-2.2429729312339373e-05
0.4512513149757647,0.8819575417995528,0.13580134107849218,0.009007827530332215,-10.680242253194283,-8.498540713895999,1.2526957520678452,0.5000849666760655,-0.49992302887937784,-3.1199499617840735e-05
0.45129333202745764,0.883331712806226,0.12666867560148815,0.0038026621910443783,-10.57917101459021,-8.451218623960033,1.2351109306294923,0.5001065249934623,-0.46110653007345914,-3.4488315446771974e-05
0.4512163817362195,0.884689743018015,0.1171580196796509,-0.0013542069028360652,-10.406994913409706,-8.358772846364523,1.304399477214359,0.4999894578829274,-0.46671838158678614,-0.00012917385744615152
0.4507725164215453,0.886081995738384,0.10780924427446507,-0.006324722621496953,-10.357851450736467,-8.2512595343295,1.3853929367202211,0.5000113521964533,-0.42198588094054645,-0.00011152570057256452
0.45068906437289596,0.8871379106125187,0.09866245305484475,-0.011463645403584103,-10.208078741615097,-8.141475657864095,1.4154035808293122,0.49999176333682904,-0.4000103589009044,-0.00013750893289855197
0.4503039817196474,0.8882396805057265,0.08939122924955288,-0.01630343999805525,-10.169702073046652,-7.998113811886937,1.4968855156359702,0.5000397446617989,-0.39995009390064235,-0.00017877749529816834
0.45021406558151433,0.8891130356876132,0.07960436336223783,-0.02117664413012051,-10.019447873119972,-7.918405585654592,1.5399582354558996,0.4621030659224303,-0.3999090203883941,-0.00019365471383228443
0.4500280747748883,0.8899133383150807,0.06981666268468883,-0.025585461005986028,-9.87488704176918,-7.768892239205138,1.6291763627469702,0.47732726321262636,-0.39991766908948057,-0.00023255486773039
0.4494813905457242,0.8907468925676801,0.060077585721505206,-0.03044891833840912,-9.812412983364844,-7.655813749992,1.5959706543696361,0.41547112730473273,-0.40000059509332275,-9.068071546632589e-05
0.4492192536155843,0.8912797756419272,0.050804321088154684,-0.0352327216022983,-9.689174296064259,-7.490004962866557,1.664802536660582,0.39888027143863075,-0.3999643861887224,-0.00011223926533786021
0.44853553703655663,0.8919233660115322,0.04091799531063232,-0.04017833791665746,-9.572385236975535,-7.437794738431362,1.6479579606608141,0.4223352735403117,-0.3999518899830463,-8.535690934679974e-05
0.44791627861499356,0.8923907108663607,0.03133727256461979,-0.045031121009117284,-9.445884166581234,-7.2609829667297605,1.741557462366315,0.40004446732959753,-0.3788200397097073,-0.00010698846389207529
0.4472278985471381,0.8927420264363164,0.021978462215146016,-0.050158032199712016,-9.359391457558303,-7.1775726554933605,1.7187186667075098,0.39974750417993293,-0.33933018082090105,-7.222772328651044e-05
0.44676671336915585,0.8928655563833175,0.012527036917711953,-0.0550788107686945,-9.20030426637548,-7.044033939387897,1.777640463092814,0.40005351207237133,-0.2986997780871799,-0.0001470494110432529
0.4460266964707641,0.8930305334269201,0.0025933210323870037,-0.05958126457730041,-9.165878210646532,-6.9835530989262535,1.774757060792463,0.4000412327625658,-0.2999449421250068,-0.00019137053243934574
0.44547419267183763,0.8929420675639586,-0.007073875439362459,-0.06447610351320936,-8.989310906423642,-6.803357906910747,1.7952753226919582,0.40002086735906406,-0.2999721186356858,-0.00016299068458787912
0.44465253534433297,0.8928663156159622,-0.016830567799066425,-0.06921414044683848,-8.89079374715749,-6.698416316157715,1.8245039612875744,0.4000277196295465,-0.299962986550881,-0.00015190425938011058
0.4438792044293552,0.8926279151310746,-0.026600825266124464,-0.07402062617321435,-8.744100210848838,-6.584281613078874,1.8380683015774606,0.39999857459808025,-0.3000018598085763,-0.00013144710907155184
0.4428647560122084,0.8923935741202955,-0.036548795575655366,-0.07854108665546278,-8.629481904863734,-6.499016854615142,1.839474661569438,0.40002378635400154,-0.29996820344549463,-0.0002003001087457584
0.44205543465558667,0.8919190748338024,-0.04611988448821636,-0.08330854034171883,-8.52137507800495,-6.325241671932208,1.7880588976866278,0.40006258533041816,-0.29991647307618796,-0.00017275336528829337
0.4413612670513687,0.8912206664682363,-0.055894377077904164,-0.08832765262247314,-8.401461609367772,-6.2605642267339645,1.8162922503846193,0.40004320842441604,-0.29994232730404685,-0.00015662814025817093
0.44054015551021053,0.8904753295074872,-0.06579361630670867,-0.09300139232751924,-8.306906114137993,-6.110832335748332,1.8104464413620829,0.4000630968654259,-0.29991576514321544,-0.00021258515388738612
0.43977292379474725,0.8895734613541635,-0.07543769806072721,-0.09781608284270431,-8.16189378966305,-6.008232546237637,1.8295830946953655,0.400043162027356,-0.29647958740770297,-0.00012569214235093676
0.4392635273531699,0.8884183223959227,-0.08491585829103673,-0.10271190281151323,-8.0748319965524,-5.868565846766119,1.7008828018696616,0.4001021793950678,-0.25517479699763884,-0.00021410781893844297
0.4383645374572121,0.8873058438224275,-0.09390213820534334,-0.10820009361806918,-7.978556959504354,-5.81832775155429,1.598754168343467,0.3999247468670547,-0.2366701096435973,-0.0009241682473131271
0.43811427102444844,0.885776892244444,-0.09748101962996936,-0.11812126608867855,-7.742294423537945,-5.744283021994538,1.845312716337188,0.4004075284906696,-0.1991034102394401,-0.0007298491127110537
0.4367697855493029,0.8846306631692766,-0.10428679737638369,-0.12563840219009056,-7.629018114681631,-5.881865420724353,1.638790981982463,0.3999812216042201,-0.1997528417460536,-0.00019637724100769768
0.4351757219730685,0.8836330208980369,-0.11453610241530635,-0.12921399547780626,-7.596630032557849,-5.596943635622419,1.3206991430748907,0.4000710069443428,-0.199857885666507,0.00010085178243662924
0.4334404590076379,0.8836062206981059,-0.12421360279529083,-0.12625528155080107,-7.6076657939817265,-5.409940718403349,1.3338179057424306,0.40008649479388314,-0.1998268254284597,0.00017819752223645916
0.4315910721237837,0.882520060949361,-0.13443669555984028,-0.1296698244462827,-7.488057967767609,-5.2301153835776075,1.3619207159809703,0.4000027044379578,-0.19999447593208827,-0.00020315166276810694
0.43007508523841326,0.8810338230270127,-0.14431498469318793,-0.13411938313526128,-7.428977726536431,-5.204847102451089,1.3027762967310734,0.40004597855506613,-0.1999078699345529,-0.00023197365863269527
0.428506777022929,0.8795008026806536,-0.153704960277629,-0.13869053794531372,-7.25767039825278,-5.099316683410171,1.2243560195339325,0.39999224609565337,-0.2000153730772031,-0.00022097006674548112
0.4282355034335752,0.877194442606314,-0.15856539690493016,-0.14832827904338608,-7.002542692941565,-5.041983188070749,1.6753493208323949,0.2989418871179006,-0.19999048609382258,-0.00041170879761641616
0.4267745969301416,0.8752836593746094,-0.16797361086215043,-0.15338456604508427,-7.017064534016594,-4.986933316756554,1.1996991052535722,0.39656389183051544,-0.19992094984205092,-0.00020003289616150462
0.424113896565076,0.8748551130755003,-0.17867828951891837,-0.15109600497907014,-7.020792215727432,-4.859977510578245,1.0560030390598842,0.375553709972051,-0.19978190674384044,0.00020655290836977129
0.4217719891397754,0.8745494935272493,-0.1881918724610279,-0.14783569152245035,-7.0319227758817195,-4.650871333547564,1.0665103492651726,0.37336361908155996,-0.19979676043178715,0.00015730990831154076
0.4201637800406383,0.8725679050885279,-0.19769018940597227,-0.15167807344507855,-6.943266038474212,-4.5531868125990975,0.9985992559021354,0.36029592397988136,-0.1999519974886906,-0.00018341496445305587
0.41875973800633526,0.8701335200299799,-0.20637665558658075,-0.15784997679442347,-6.773538394913059,-4.39563401801139,1.048808688749399,0.3191197481199834,-0.18938105518978804,-0.0003352543955740605
0.4179648688460019,0.8675250623442783,-0.21280065654237118,-0.16559442982853084,-6.5847236566209,-4.26246242203136,0.9702504090390104,0.33219006855676475,-0.13794630771134603,-0.000200848244512768
0.41505390714153045,0.8667338818726339,-0.2232612846246047,-0.16326981033956167,-6.657304539710421,-4.276012224734522,0.795306988887972,0.3022863807075209,-0.201017550558238,0.0001998679568654296
0.4123004771261935,0.8661986763071979,-0.2327435747429153,-0.15980800399560835,-6.65891856414976,-4.217605614843621,0.7414128143382351,0.35438016589732735,-0.18020881305283404,0.00015573091640014498
0.4096341390401363,0.8654800723515211,-0.24199415251026385,-0.15678949788200447,-6.638587195295392,-3.922645874336647,0.7226064435183714,0.300141170894892,-0.20106650566214598,2.877863650101847e-05
0.4077036379233185,0.8629947700232997,-0.25126881513588173,-0.16087806897378448,-6.525210616439229,-3.960667290577619,0.7217357185408515,0.29999598544475176,-0.14552016642558482,-0.00017096118603193488
0.4057000765273659,0.8603463583024324,-0.26053218832858444,-0.16533169843121692,-6.4742359786196095,-3.773411050232697,0.5881508927081271,0.30461204803031877,-0.15142670073830564,-0.00014186662490940099
0.4035690194561871,0.8578698606763011,-0.26914187270679335,-0.16957004757407923,-6.359161718689805,-3.724179473972445,0.5855382211517399,0.30000399542563694,-0.15409905736570062,-0.00010556972808189415
0.40178491860479365,0.855149990182616,-0.2776064403126832,-0.1738448669628528,-6.296046341327101,-3.6662490170034108,0.43065304902534096,0.30002321702945617,-0.11969799655678413,-0.00014259061047971634
0.3998178259786873,0.8523480086970362,-0.2863034623617879,-0.17798568914248547,-6.1178853162428535,-3.578227969749939,0.32432377918089267,0.3000084619429719,-0.1222935141840299,-0.00017623085703158883
0.398027768863489,0.8491433978435611,-0.2953214831552874,-0.18252289363037696,-6.054784664640111,-3.4765066580489714,0.21108837661984467,0.30003100225188606,-0.12766854105331327,-0.00015808753451372685
0.39618728622320193,0.8460479227368535,-0.3039620003810975,-0.186669893105641,-5.933212596432459,-3.417237946883285,0.10255015516261362,0.30000667906783773,-0.13212883631861488,-0.00014947268804861677
0.39426413635234814,0.842967470765521,-0.3123490057054101,-0.19078713964090807,-5.967516782498718,-3.3408522550805686,-0.046010039466802245,0.30001037443974016,-0.12121409915933472,-0.00016239390509411485
0.39236394899751376,0.8394985122246095,-0.32116025548780996,-0.1953173566141735,-5.774377499049899,-3.2903819717189844,-0.024607371234038566,0.30001355086753817,-0.09995681540326949,-0.0001818463237384613
0.3902351221787701,0.836307256506961,-0.32948879019041843,-0.1993586197553921,-5.577332512496604,-3.3093715558662997,-0.3175632687834899,0.30000285922203374,-0.19538182418617844,-0.00010597874228757068
